FIPS,County,State,Met_Breast_Screen,Met_Cervical_Screen,Met_Colon_Screen,Currently_Smoke,BMI_Obese,Physically_Inactive,Binge_Drinking,Sleep_Debt,Cancer_Prevalence,Bad_Health,Poor_Physical,Poor_Mental,Depression,Diabetes_DX,High_BP,BP_Medicine,CHD,Had_Stroke,Kidney_Disease,Asthma,COPD,No_Teeth,Recent_Checkup,Recent_Dentist
36059300100,Nassau County,New York,75.8,86.8,75.9,10.3,24.2,19.4,18.5,30.9,7.0,10.0,8.5,13.5,17.0,7.9,26.1,77.8,5.2,2.4,2.5,9.5,5.1,8.9,77.9,74.7
36059300300,Nassau County,New York,76.3,86.5,74.5,11.4,26.8,22.9,15.4,32.0,7.7,12.2,9.6,12.6,16.1,9.9,29.7,79.8,5.9,2.9,3.0,9.6,5.8,9.9,79.6,71.9
36059300400,Nassau County,New York,76.2,86.9,75.6,11.0,26.1,22.1,15.2,31.3,8.3,11.5,9.4,12.3,16.2,9.7,30.2,80.5,6.1,2.9,3.0,9.5,5.8,9.0,80.1,73.3
36059300500,Nassau County,New York,77.3,87.6,77.0,9.5,25.2,20.3,14.5,30.2,8.5,10.4,8.7,11.1,15.4,9.7,30.7,81.5,6.0,2.7,3.0,9.1,5.3,7.3,81.1,76.0
36059300600,Nassau County,New York,77.9,87.2,76.3,8.2,23.6,19.3,14.0,30.2,8.2,9.3,8.0,10.4,14.3,9.4,29.4,81.4,5.4,2.5,2.8,8.8,4.6,6.2,81.2,77.4
36059300700,Nassau County,New York,76.9,88.0,78.1,8.4,23.3,21.3,13.6,29.3,10.2,10.4,8.6,10.4,14.4,9.3,31.6,82.9,6.5,3.1,3.4,8.8,5.3,7.4,81.9,76.5
36059300800,Nassau County,New York,76.6,85.8,75.0,9.0,23.0,20.3,14.5,31.7,7.0,9.4,7.7,10.6,13.7,9.1,27.2,79.6,4.7,2.3,2.5,8.5,4.2,6.7,79.9,75.7
36059300900,Nassau County,New York,76.7,85.5,78.6,7.0,21.0,21.4,10.6,28.4,11.0,10.3,8.4,8.6,12.1,11.1,35.0,85.8,7.2,3.3,3.6,8.0,5.3,6.6,84.4,78.1
36059301000,Nassau County,New York,77.6,88.9,77.9,7.7,24.3,18.1,14.1,28.9,9.1,9.0,8.0,9.8,14.4,9.4,31.0,82.4,5.8,2.6,2.9,8.7,4.7,5.5,82.3,79.4
36059301101,Nassau County,New York,76.4,85.4,71.6,11.9,27.9,24.1,15.6,33.8,5.9,12.2,9.1,12.9,15.6,9.6,26.4,76.3,4.6,2.3,2.5,9.3,4.9,9.5,77.8,69.0
36059301102,Nassau County,New York,76.0,87.5,76.2,10.8,26.2,22.2,14.0,31.0,8.9,11.7,9.5,11.4,15.6,10.4,32.0,81.9,6.4,3.0,3.2,9.3,6.0,8.4,81.2,74.0
36059301200,Nassau County,New York,77.4,89.6,77.5,8.0,25.0,17.5,16.2,29.8,7.9,8.4,7.5,10.4,14.9,8.1,27.3,79.2,4.7,2.2,2.6,8.8,4.2,5.5,80.4,79.1
36059301300,Nassau County,New York,76.6,86.3,72.7,11.2,28.1,25.1,15.0,32.9,7.1,13.3,9.7,12.5,15.2,10.5,29.2,78.9,5.6,2.8,3.0,9.4,5.4,10.5,79.2,69.4
36059301400,Nassau County,New York,78.3,90.3,78.8,7.4,23.9,15.3,16.9,29.3,7.4,7.2,6.8,10.1,15.0,7.1,25.3,77.7,4.0,1.9,2.3,8.8,3.6,4.5,79.9,81.1
36059301500,Nassau County,New York,78.5,89.7,77.3,7.2,24.0,15.8,15.9,28.8,8.1,7.6,7.1,10.0,14.9,7.8,27.4,79.8,4.7,2.2,2.5,8.8,3.9,4.7,81.0,81.2
36059301600,Nassau County,New York,77.6,88.4,76.2,8.1,23.8,17.7,15.6,29.9,7.6,8.7,7.5,10.4,14.6,8.4,27.3,79.4,4.8,2.3,2.6,8.8,4.2,5.8,80.3,78.5
36059301700,Nassau County,New York,78.6,90.3,78.7,6.7,24.2,14.9,16.4,28.7,7.6,7.2,6.8,9.9,14.9,7.6,26.5,79.0,4.4,2.0,2.4,8.7,3.6,4.0,80.5,81.5
36059301800,Nassau County,New York,77.4,86.9,75.5,10.8,27.5,23.6,14.4,33.7,7.7,12.0,9.2,11.9,14.6,10.6,31.3,80.8,5.6,3.0,3.1,9.5,5.3,9.2,80.9,72.0
36059301900,Nassau County,New York,77.2,89.3,77.3,8.0,24.3,17.2,15.6,29.4,8.3,8.2,7.4,10.1,14.7,8.3,28.2,80.3,5.0,2.3,2.6,8.7,4.2,5.3,81.0,79.9
36059302000,Nassau County,New York,78.0,89.3,76.5,7.4,23.9,18.0,15.0,29.2,8.7,8.6,7.6,10.1,14.3,8.4,28.7,80.9,5.3,2.5,2.8,8.7,4.3,5.8,81.2,79.2
36059302101,Nassau County,New York,77.6,88.9,75.9,8.7,25.3,18.0,15.8,30.5,7.6,8.8,7.8,10.9,15.2,8.5,27.9,79.4,4.9,2.3,2.6,9.0,4.3,6.1,80.4,78.2
36059302102,Nassau County,New York,78.7,90.6,78.4,6.2,23.3,14.6,16.0,28.4,8.0,6.9,6.6,9.5,14.4,7.4,26.6,79.4,4.4,2.0,2.4,8.6,3.5,4.0,81.1,82.6
36059302200,Nassau County,New York,76.4,85.4,72.8,12.4,27.1,24.5,14.6,34.4,6.5,12.8,9.5,12.9,15.5,10.5,29.0,78.5,5.2,2.7,2.8,9.7,5.4,10.2,79.2,69.3
36059302300,Nassau County,New York,76.4,84.1,75.2,8.2,21.1,20.5,13.1,31.5,7.3,9.3,7.5,10.0,12.6,10.0,28.2,81.3,4.9,2.4,2.6,8.1,4.1,6.0,80.7,76.0
36059302400,Nassau County,New York,75.2,85.1,74.7,9.6,23.1,21.4,14.5,31.5,7.7,10.3,8.3,11.0,14.2,9.3,28.3,80.2,5.3,2.5,2.8,8.6,4.8,7.7,79.9,74.6
36059302501,Nassau County,New York,78.2,87.7,75.8,7.5,22.6,17.3,15.1,30.3,7.4,7.9,7.0,10.1,13.9,8.3,26.7,79.5,4.6,2.1,2.5,8.4,3.8,5.1,80.4,79.2
36059302502,Nassau County,New York,77.9,87.6,76.8,7.8,23.8,18.2,14.6,30.4,7.7,8.7,7.5,10.1,13.8,9.3,29.0,80.8,5.1,2.4,2.7,8.6,4.1,5.5,81.1,78.3
36059302600,Nassau County,New York,76.3,85.7,74.1,11.0,25.0,21.4,16.3,32.7,6.8,10.4,8.5,12.4,15.7,8.7,26.6,77.8,4.7,2.3,2.5,9.2,4.9,8.3,78.6,73.5
36059302700,Nassau County,New York,75.7,82.2,72.2,10.2,22.3,23.8,13.3,32.8,7.0,11.1,8.4,11.2,13.4,10.2,28.2,80.3,5.2,2.6,2.7,8.5,4.8,8.7,79.5,71.5
36059302800,Nassau County,New York,75.6,84.3,75.4,9.4,22.6,21.8,13.8,31.6,7.6,10.2,8.2,10.7,13.6,9.7,28.6,80.9,5.3,2.5,2.8,8.5,4.7,7.5,80.3,74.8
36059302900,Nassau County,New York,75.7,86.0,76.0,9.9,24.0,21.1,15.0,31.3,7.9,10.3,8.5,11.3,14.9,9.1,28.5,80.1,5.4,2.6,2.8,8.9,5.0,7.8,80.0,75.2
36059303000,Nassau County,New York,75.3,84.4,73.8,10.3,23.0,22.6,14.6,32.7,6.9,10.7,8.3,11.3,13.9,9.4,27.2,79.1,5.0,2.5,2.6,8.5,4.6,8.4,79.0,72.5
36059303101,Nassau County,New York,76.0,83.7,75.8,7.3,19.9,20.5,12.2,30.5,8.0,9.2,7.3,9.3,11.9,10.1,29.1,82.6,5.3,2.5,2.8,7.8,4.0,6.1,81.5,77.0
36059303102,Nassau County,New York,75.8,83.1,73.6,8.8,21.0,21.8,12.9,32.1,7.1,9.6,7.5,10.0,12.3,9.9,27.9,80.9,4.9,2.4,2.6,7.9,4.1,6.9,80.2,74.4
36059303201,Nassau County,New York,76.5,82.9,73.7,9.2,22.1,23.0,12.8,33.1,6.9,10.6,8.0,10.6,12.5,10.6,28.9,81.1,5.1,2.6,2.8,8.3,4.3,7.7,80.3,72.9
36059303202,Nassau County,New York,74.3,82.1,72.2,12.1,25.5,26.8,13.9,33.8,7.2,13.2,9.7,12.5,14.6,11.2,30.1,80.5,5.9,2.9,3.0,8.9,5.7,10.7,79.4,68.2
36059303301,Nassau County,New York,75.8,85.6,74.2,10.6,24.5,21.6,15.0,32.1,7.4,10.5,8.6,11.7,15.2,9.3,28.3,79.5,5.2,2.5,2.7,9.0,5.0,8.0,79.6,73.9
36059303302,Nassau County,New York,75.9,87.7,75.8,10.9,26.1,20.1,17.3,31.8,7.5,10.0,8.7,12.5,16.7,8.2,27.1,77.9,4.9,2.4,2.6,9.4,5.1,7.9,78.9,75.3
36059303400,Nassau County,New York,77.7,89.3,76.4,8.4,25.2,17.4,16.3,29.5,8.0,8.5,7.7,10.9,15.6,8.2,27.9,79.7,4.9,2.3,2.6,9.0,4.4,5.7,80.5,79.2
36059303500,Nassau County,New York,76.0,87.0,74.9,10.8,25.9,20.9,16.9,32.2,7.2,10.2,8.5,12.2,15.9,8.4,26.7,77.7,4.8,2.4,2.6,9.2,4.9,7.9,78.7,74.4
36059303600,Nassau County,New York,76.3,87.2,74.4,10.4,26.3,20.7,18.0,32.6,6.0,9.9,8.0,12.6,15.8,7.6,23.8,74.6,4.1,2.0,2.3,9.1,4.2,8.1,77.1,73.1
36059303700,Nassau County,New York,75.0,86.2,72.9,13.3,27.7,23.6,16.6,33.5,7.1,12.3,9.8,13.7,17.2,9.2,28.1,77.6,5.3,2.7,2.8,9.9,5.9,10.3,78.3,70.5
36059303800,Nassau County,New York,75.0,85.0,71.1,15.1,29.2,26.8,15.6,34.4,7.0,14.3,11.0,14.5,17.7,10.6,30.2,78.7,6.0,3.0,3.0,10.1,6.8,12.8,78.5,66.5
36059303900,Nassau County,New York,80.6,88.9,77.9,10.0,30.1,21.8,14.7,35.9,6.5,11.6,8.5,11.9,13.7,11.0,32.1,80.1,4.8,2.8,2.9,10.1,4.5,8.1,82.0,72.9
36059304001,Nassau County,New York,76.4,87.3,73.4,11.4,26.6,21.3,17.1,32.2,7.0,10.8,8.9,12.9,16.6,8.4,26.9,77.4,5.0,2.4,2.6,9.5,5.1,9.0,78.5,73.4
36059304002,Nassau County,New York,75.4,85.4,72.7,12.8,28.6,26.1,15.8,33.7,7.3,13.9,10.4,13.6,16.3,10.1,29.5,78.5,6.0,3.0,3.1,9.7,6.1,11.8,78.6,67.8
36059304100,Nassau County,New York,77.1,82.9,68.1,17.9,35.9,35.0,14.8,39.7,4.6,21.0,12.5,16.6,16.3,13.5,30.8,75.3,5.4,3.3,3.1,11.1,6.4,20.3,77.1,54.0
36059304202,Nassau County,New York,78.0,85.5,72.1,12.4,31.9,29.0,16.1,36.1,5.4,15.8,10.1,13.6,14.3,11.0,28.0,75.9,4.9,2.7,2.9,9.7,4.8,13.2,77.6,63.7
36059304203,Nassau County,New York,79.4,84.5,70.9,17.8,37.4,35.1,15.6,42.3,3.9,20.7,11.9,17.3,15.5,12.5,30.4,73.8,4.4,3.2,3.0,11.8,5.5,22.0,77.6,54.0
36059304204,Nassau County,New York,78.9,83.8,69.8,17.5,37.1,36.3,15.7,40.8,3.9,21.9,12.3,17.2,15.7,12.8,29.4,73.2,4.7,3.2,3.0,11.4,5.6,23.2,76.2,52.4
36059404300,Nassau County,New York,76.8,85.3,73.1,11.0,25.6,22.4,16.1,33.8,5.7,10.7,8.2,12.3,14.8,8.6,25.0,75.9,4.1,2.1,2.3,9.1,4.2,8.4,78.0,72.1
36059404400,Nassau County,New York,77.3,88.6,76.2,10.1,25.8,18.5,17.6,31.0,7.3,9.2,8.1,11.9,16.4,7.7,26.3,77.5,4.6,2.2,2.5,9.3,4.6,6.8,79.0,77.1
36059404500,Nassau County,New York,76.3,87.1,75.0,11.0,26.8,21.6,16.1,31.8,7.7,10.9,9.1,12.5,16.4,9.0,28.7,79.2,5.4,2.6,2.8,9.5,5.4,8.6,79.5,73.7
36059404600,Nassau County,New York,77.4,88.2,75.9,9.6,25.2,18.6,17.1,31.0,7.2,9.0,7.9,11.8,16.0,7.8,26.3,78.0,4.6,2.2,2.5,9.2,4.5,6.7,79.2,77.3
36059404700,Nassau County,New York,76.3,86.7,75.6,10.2,25.2,21.0,15.7,32.1,7.3,10.2,8.4,11.8,15.3,8.9,27.6,78.9,5.0,2.4,2.7,9.1,4.8,7.6,79.4,74.6
36059404800,Nassau County,New York,78.4,86.5,73.0,12.0,31.1,25.1,16.6,37.8,5.0,12.9,8.9,13.4,13.9,10.2,28.1,75.5,4.1,2.5,2.6,9.8,4.2,10.7,78.8,67.8
36059404901,Nassau County,New York,80.7,87.7,76.2,11.8,32.7,25.8,14.1,40.1,5.5,13.9,9.2,13.2,12.9,11.8,32.9,78.8,4.4,3.0,3.0,10.9,4.4,10.9,82.4,68.2
36059404902,Nassau County,New York,78.5,84.7,70.9,14.9,33.8,30.9,13.8,40.4,5.3,16.9,10.8,14.9,14.4,13.0,32.6,78.0,5.0,3.1,3.1,10.9,5.5,13.8,80.4,61.2
36059405000,Nassau County,New York,76.9,84.2,70.5,14.2,31.0,28.5,15.1,38.8,5.1,14.8,9.9,14.4,14.7,10.9,28.9,75.9,4.5,2.7,2.7,10.2,5.0,12.1,78.8,64.0
36059405100,Nassau County,New York,79.6,88.1,75.9,10.7,31.3,23.1,15.0,38.9,5.5,11.8,8.4,12.9,13.3,10.4,30.3,77.4,4.0,2.6,2.7,10.4,4.0,8.7,81.7,70.9
36059405200,Nassau County,New York,75.6,84.2,70.1,14.8,31.4,28.9,15.1,38.4,5.5,15.3,10.4,14.9,15.5,11.1,29.6,76.4,4.9,2.8,2.8,10.3,5.5,13.1,78.7,63.2
36059405301,Nassau County,New York,74.9,86.0,73.9,11.5,26.4,23.3,15.9,32.6,7.7,11.5,9.3,12.7,16.0,9.4,28.9,79.3,5.6,2.7,2.9,9.3,5.5,9.5,79.4,72.3
36059405302,Nassau County,New York,74.9,85.9,72.0,13.9,28.1,24.7,16.7,33.8,7.1,12.7,10.1,14.1,17.5,9.3,28.5,77.9,5.5,2.7,2.8,9.9,6.1,11.3,78.3,69.7
36059405400,Nassau County,New York,74.8,85.5,73.0,13.0,27.8,25.5,15.7,34.3,7.2,13.1,10.0,13.5,16.2,9.9,29.2,78.5,5.6,2.8,2.9,9.7,5.9,11.1,78.9,69.1
36059405500,Nassau County,New York,75.0,86.9,74.2,12.5,27.2,23.2,16.8,33.0,7.6,11.6,9.5,13.2,16.7,8.9,28.6,78.5,5.5,2.7,2.8,9.5,5.7,10.2,78.9,72.3
36059405600,Nassau County,New York,75.1,87.1,75.0,11.8,26.3,22.2,16.6,31.9,7.8,11.3,9.3,12.8,16.7,8.9,28.6,79.0,5.6,2.7,2.8,9.5,5.7,9.4,79.1,73.3
36059405700,Nassau County,New York,75.8,87.3,76.3,11.2,26.2,21.6,16.2,32.0,7.8,10.9,9.0,12.3,16.2,8.9,28.7,79.3,5.4,2.6,2.8,9.4,5.4,8.4,79.6,74.4
36059405800,Nassau County,New York,75.8,86.7,74.6,10.9,26.2,20.9,16.7,31.8,7.4,10.3,8.7,12.7,16.5,8.5,27.6,78.5,5.1,2.5,2.7,9.4,5.1,8.4,79.1,74.4
36059405900,Nassau County,New York,75.8,86.5,73.9,11.9,27.1,23.2,16.1,32.9,7.3,11.8,9.3,12.9,16.2,9.4,28.9,79.0,5.4,2.7,2.8,9.6,5.5,9.6,79.4,72.2
36059406001,Nassau County,New York,76.1,86.3,72.4,12.7,28.1,23.4,16.7,33.9,6.6,12.0,9.5,13.5,16.6,9.2,27.7,77.1,5.0,2.5,2.7,9.7,5.4,10.0,78.4,70.5
36059406002,Nassau County,New York,77.3,87.5,73.6,11.9,29.1,22.7,16.1,33.3,6.9,12.0,9.5,13.4,16.8,9.5,28.9,78.2,5.2,2.6,2.8,9.9,5.5,9.4,79.3,71.4
36059406100,Nassau County,New York,76.0,86.7,74.0,12.0,27.8,22.8,16.3,33.4,7.0,11.8,9.3,12.9,16.1,9.4,28.6,78.3,5.3,2.6,2.8,9.6,5.4,9.6,79.1,72.0
36059406201,Nassau County,New York,76.8,87.2,73.3,12.5,30.7,24.5,16.5,36.5,5.8,12.7,9.4,13.8,15.5,9.8,28.1,76.0,4.5,2.5,2.7,10.1,4.9,10.0,79.0,69.4
36059406202,Nassau County,New York,82.0,89.2,77.2,12.4,35.8,26.2,14.2,41.7,5.4,14.5,9.4,13.6,13.0,12.4,35.1,79.2,4.4,3.3,3.2,11.4,4.5,12.2,83.2,67.3
36059406300,Nassau County,New York,77.7,89.8,76.8,8.4,25.1,17.3,16.4,29.7,8.1,8.4,7.7,10.8,15.5,8.0,27.8,79.6,4.9,2.3,2.6,9.0,4.4,5.7,80.6,79.4
36059406400,Nassau County,New York,77.7,90.1,78.4,7.4,24.2,16.9,15.4,28.4,9.2,8.2,7.6,10.0,14.9,8.2,29.4,81.4,5.4,2.5,2.8,8.8,4.4,5.3,81.8,80.9
36059406501,Nassau County,New York,77.9,89.8,76.6,8.2,25.3,16.9,16.6,29.6,7.9,8.3,7.6,10.8,15.5,7.9,27.5,79.3,4.7,2.2,2.5,9.1,4.2,5.4,80.5,79.8
36059406600,Nassau County,New York,77.9,89.8,76.9,8.0,24.7,17.0,16.1,29.4,8.2,8.4,7.6,10.6,15.3,8.1,27.9,79.7,5.0,2.3,2.7,9.0,4.3,5.5,80.7,79.9
36059406701,Nassau County,New York,78.0,84.3,67.2,17.1,35.8,32.8,16.5,39.6,3.9,19.7,11.7,16.3,15.8,11.9,28.3,72.0,4.4,2.8,2.7,10.9,5.4,17.7,75.9,55.7
36059406702,Nassau County,New York,78.1,82.8,66.5,22.4,39.6,38.8,13.6,42.2,4.7,24.8,14.7,19.4,18.3,15.0,34.2,76.0,6.0,3.7,3.4,12.9,8.4,23.7,78.4,49.2
36059406801,Nassau County,New York,78.9,83.4,67.8,17.0,36.9,35.4,15.9,40.4,3.6,20.6,11.9,17.0,15.9,12.2,27.5,71.7,4.1,2.7,2.8,11.2,5.1,18.8,75.9,53.7
36059406802,Nassau County,New York,78.5,82.6,63.8,21.0,39.3,40.1,15.4,42.2,3.4,25.2,13.9,18.8,17.1,13.5,29.1,71.0,4.5,3.1,3.0,12.1,6.1,23.2,75.1,47.5
36059406900,Nassau County,New York,78.9,83.8,69.7,19.3,39.1,37.3,14.9,42.7,4.1,23.0,13.0,17.9,16.0,14.1,32.4,74.9,5.0,3.5,3.2,12.1,6.3,24.1,77.7,51.1
36059407000,Nassau County,New York,79.3,83.9,71.0,20.4,40.9,41.0,12.2,43.7,5.6,26.3,15.0,17.9,15.8,18.1,39.7,80.2,7.1,5.0,4.3,12.7,8.3,25.7,81.2,49.5
36059407101,Nassau County,New York,79.4,85.6,72.7,16.2,36.9,33.7,14.5,41.4,5.1,20.0,11.9,15.7,14.7,13.9,34.0,77.8,5.3,3.7,3.4,11.5,5.9,19.3,79.7,57.5
36059407102,Nassau County,New York,80.9,88.1,76.0,13.1,35.0,27.8,15.6,40.7,4.9,15.1,9.6,14.1,13.6,11.5,31.5,76.9,4.2,2.9,2.9,10.8,4.5,12.6,80.5,65.0
36059407201,Nassau County,New York,77.9,82.2,63.9,21.5,39.6,40.5,15.1,42.4,3.4,25.3,13.9,19.4,17.5,13.5,29.3,71.1,4.5,3.0,2.9,12.3,6.3,23.5,75.5,46.7
36059407203,Nassau County,New York,80.2,86.0,73.3,15.9,36.8,32.5,14.9,41.2,4.8,18.9,11.6,16.0,15.1,13.0,32.4,76.6,4.8,3.3,3.2,11.6,5.7,17.1,79.5,58.4
36059407204,Nassau County,New York,79.8,85.6,73.3,14.4,34.6,30.0,14.9,39.7,5.4,16.9,10.8,15.1,14.8,12.4,32.8,78.3,5.2,3.3,3.1,11.1,5.6,15.2,80.3,62.5
36059407301,Nassau County,New York,76.4,78.8,79.9,7.9,22.0,19.4,19.0,31.4,4.7,9.2,7.1,17.7,19.1,6.1,19.8,72.9,3.6,1.9,2.0,10.8,3.9,9.9,76.4,73.1
36059407302,Nassau County,New York,78.7,84.6,70.3,15.5,34.8,31.0,15.7,39.6,4.6,17.8,11.1,16.1,15.8,11.9,29.6,74.9,4.6,2.9,2.9,11.2,5.4,16.2,78.0,59.3
36059407401,Nassau County,New York,78.7,84.6,70.4,17.2,36.8,33.7,14.8,41.4,4.7,20.0,12.1,16.7,15.8,13.1,31.9,75.5,5.0,3.2,3.1,11.7,6.0,17.7,78.9,56.7
36059407402,Nassau County,New York,78.1,86.4,73.9,14.3,33.9,32.8,13.4,38.7,6.9,19.0,11.9,13.8,13.8,14.3,36.4,80.9,6.7,4.1,3.8,10.6,6.5,15.9,81.3,61.0
36059407501,Nassau County,New York,78.7,85.0,70.3,18.5,38.4,36.0,14.5,42.1,4.4,21.6,12.5,16.9,15.6,13.8,32.4,75.5,4.9,3.3,3.1,11.8,6.1,19.3,78.6,53.9
36059407502,Nassau County,New York,80.0,87.5,75.8,13.7,35.3,29.3,15.0,40.4,5.1,16.4,10.2,14.4,13.9,12.2,32.3,77.5,4.6,3.2,3.1,11.0,4.9,14.1,80.4,63.2
36059407600,Nassau County,New York,76.4,85.8,74.4,10.8,25.4,21.9,16.2,32.6,6.9,10.6,8.6,12.1,15.2,9.0,27.1,78.3,4.8,2.4,2.6,9.0,4.8,8.2,78.9,73.7
36059407700,Nassau County,New York,75.7,86.6,73.8,11.3,26.0,21.9,16.6,32.5,6.8,10.9,8.8,12.6,16.1,8.6,26.7,77.5,4.8,2.4,2.6,9.3,5.0,8.9,78.4,73.0
36059407801,Nassau County,New York,75.7,86.1,74.2,10.6,25.3,21.6,16.4,32.4,6.9,10.3,8.4,12.2,15.5,8.6,26.6,78.1,4.7,2.3,2.6,9.1,4.7,8.1,78.8,73.8
36059407802,Nassau County,New York,65.6,78.8,67.8,17.3,30.5,30.6,19.0,39.6,5.2,16.7,10.2,15.1,13.5,8.8,28.1,68.9,5.2,2.9,2.7,9.1,5.7,18.7,74.6,55.0
36059407900,Nassau County,New York,74.8,85.7,74.8,10.8,25.8,26.9,12.2,31.3,10.8,14.0,10.9,11.6,14.8,11.6,36.1,84.3,8.1,4.0,4.0,9.4,7.2,11.1,82.9,71.2
36059408000,Nassau County,New York,76.3,86.5,74.2,10.7,25.9,21.1,16.9,32.8,6.9,10.0,8.4,12.2,15.5,8.5,26.7,77.6,4.7,2.3,2.5,9.0,4.6,7.9,78.8,74.4
36059408100,Nassau County,New York,75.8,85.6,72.7,12.5,27.2,23.5,15.8,33.3,7.2,12.0,9.6,13.2,16.6,9.6,28.9,78.7,5.5,2.7,2.8,9.6,5.7,10.0,79.0,71.0
36059408200,Nassau County,New York,75.5,85.2,72.1,12.5,26.9,23.6,16.6,33.4,6.6,11.8,9.4,13.4,16.5,9.2,27.4,77.5,5.0,2.5,2.6,9.5,5.4,9.8,78.2,70.7
36059408300,Nassau County,New York,76.0,86.0,74.0,11.4,26.1,22.0,16.5,32.8,6.8,10.7,8.7,12.7,16.0,8.7,27.1,77.9,4.9,2.4,2.6,9.3,5.0,8.7,78.6,72.9
36059408400,Nassau County,New York,77.0,88.7,75.7,9.9,25.6,18.9,17.3,31.6,7.2,9.2,8.0,11.8,15.9,7.9,26.4,77.5,4.7,2.3,2.5,9.2,4.5,7.0,79.1,76.6
36059408500,Nassau County,New York,76.8,88.0,74.7,10.2,26.1,19.4,17.1,31.6,7.4,9.5,8.3,12.2,16.3,8.1,27.1,78.1,4.9,2.4,2.6,9.3,4.7,7.5,79.3,76.2
36059408600,Nassau County,New York,75.3,86.1,72.9,12.7,27.2,23.4,16.5,33.4,7.1,11.7,9.5,13.3,16.7,9.1,28.1,78.2,5.2,2.6,2.7,9.6,5.6,9.9,78.7,71.6
36059408700,Nassau County,New York,75.5,85.9,71.8,13.5,27.8,23.6,17.0,33.7,6.4,12.1,9.6,14.0,17.4,8.9,26.9,76.5,4.9,2.4,2.6,9.8,5.6,10.4,77.7,70.0
36059408800,Nassau County,New York,75.7,86.8,73.8,12.0,27.3,21.4,17.8,33.2,6.6,10.4,8.8,13.4,17.0,8.3,26.2,76.5,4.6,2.3,2.5,9.5,5.0,8.4,78.0,73.3
36059408900,Nassau County,New York,75.0,86.6,72.6,12.6,27.5,22.1,17.7,33.5,6.6,11.1,9.2,13.7,17.3,8.4,26.5,76.4,4.8,2.4,2.5,9.7,5.3,9.3,77.9,72.3
36059409000,Nassau County,New York,74.9,86.1,72.9,13.3,27.7,23.4,17.4,33.7,6.7,11.7,9.5,13.7,17.1,8.7,27.1,77.0,4.9,2.4,2.6,9.6,5.5,10.0,77.9,71.1
36059409100,Nassau County,New York,75.5,87.4,73.6,12.1,27.2,21.2,17.7,32.9,6.7,10.6,8.9,13.2,17.1,8.2,26.4,76.6,4.7,2.3,2.5,9.6,5.1,8.8,78.1,73.3
36059409200,Nassau County,New York,76.4,86.3,71.4,13.5,29.1,23.6,16.9,33.8,6.6,12.1,9.8,14.3,17.8,9.2,27.8,77.3,5.1,2.5,2.6,9.9,5.7,10.3,78.2,70.1
36059409300,Nassau County,New York,74.8,87.0,73.8,12.8,27.7,22.1,18.0,33.5,6.7,11.0,9.3,13.9,17.5,8.4,26.7,76.7,4.8,2.4,2.5,9.7,5.4,9.4,77.9,72.4
36059409400,Nassau County,New York,75.0,87.4,72.9,13.3,27.7,22.5,17.3,32.9,6.9,11.6,9.5,13.8,17.7,8.5,27.3,77.1,5.1,2.5,2.6,9.9,5.7,10.2,78.2,72.0
36059409500,Nassau County,New York,75.7,88.3,74.5,11.7,26.8,20.5,17.3,32.0,7.5,10.2,8.8,12.6,16.9,8.2,27.8,78.2,5.1,2.4,2.6,9.5,5.2,8.4,79.1,75.0
36059409600,Nassau County,New York,76.4,87.7,73.7,12.0,27.6,21.3,17.2,32.7,7.1,10.7,9.1,13.1,17.1,8.6,27.8,77.8,5.1,2.5,2.6,9.6,5.3,8.6,78.8,73.6
36059409700,Nassau County,New York,75.7,88.5,76.4,11.1,26.6,21.3,16.1,31.3,8.7,10.9,9.3,12.2,16.6,9.1,30.1,80.5,5.8,2.8,3.0,9.5,5.8,8.5,80.4,75.2
36059409800,Nassau County,New York,80.8,87.4,75.2,12.2,33.1,25.9,13.8,40.2,5.4,13.9,9.3,13.4,13.2,12.1,33.2,78.9,4.4,3.0,2.9,10.9,4.5,10.7,82.3,67.3
36059409900,Nassau County,New York,78.8,86.7,73.2,12.1,30.5,25.5,14.3,38.2,5.8,13.1,9.1,13.0,13.7,10.8,30.6,78.0,4.5,2.7,2.8,10.1,4.6,10.2,80.9,68.5
36059410000,Nassau County,New York,76.1,85.8,75.2,10.8,26.6,24.4,13.8,34.2,7.5,12.4,9.1,11.8,13.8,10.4,30.8,80.2,5.5,2.9,3.1,9.4,5.2,9.4,81.1,71.6
36059410100,Nassau County,New York,76.9,88.3,75.9,10.3,26.7,19.8,16.5,31.3,7.8,10.0,8.7,12.0,16.3,8.8,28.7,79.4,5.3,2.5,2.7,9.4,5.2,7.3,80.0,76.2
36059410200,Nassau County,New York,76.5,88.1,76.1,10.0,26.1,21.1,15.4,31.4,8.4,10.5,8.9,11.6,15.4,9.3,30.0,80.7,5.6,2.7,2.9,9.2,5.2,7.9,80.7,75.6
36059410300,Nassau County,New York,77.9,86.6,72.2,11.6,29.4,24.8,15.4,36.6,5.6,12.6,8.9,13.1,14.2,9.9,28.0,76.4,4.3,2.5,2.6,9.9,4.4,10.1,79.5,69.0
36059410400,Nassau County,New York,78.0,86.7,73.1,11.2,29.8,24.3,15.4,36.9,5.5,12.4,8.8,12.9,14.0,10.1,28.2,76.5,4.3,2.5,2.6,9.9,4.3,9.4,79.7,69.5
36059410500,Nassau County,New York,77.0,86.2,72.9,10.6,27.3,23.4,15.5,34.0,6.4,11.7,8.8,12.5,14.7,9.6,27.5,77.7,4.7,2.5,2.7,9.4,4.6,9.0,79.3,71.4
36059410600,Nassau County,New York,76.3,85.7,71.9,12.5,28.6,25.0,15.3,34.2,6.8,13.2,9.9,13.4,16.0,10.2,29.4,78.4,5.5,2.8,2.9,9.9,5.7,10.8,79.3,69.2
36059410700,Nassau County,New York,75.4,86.5,73.4,12.2,27.4,23.4,16.7,33.8,6.7,11.6,9.2,13.1,16.1,8.8,27.2,77.3,4.9,2.5,2.6,9.5,5.2,9.7,78.6,71.6
36059410800,Nassau County,New York,76.4,87.0,73.8,10.8,27.2,22.1,16.2,33.3,6.8,11.0,8.8,12.4,15.3,9.2,27.8,78.1,4.9,2.5,2.7,9.3,4.8,8.4,79.3,73.2
36059410900,Nassau County,New York,76.8,85.6,72.8,11.7,27.8,24.8,13.6,35.0,7.0,12.9,9.5,12.4,14.4,11.1,31.3,80.1,5.5,2.9,3.0,9.7,5.4,9.9,80.9,69.9
36059411000,Nassau County,New York,75.0,83.8,67.6,16.2,32.9,31.8,15.7,37.0,5.4,18.3,11.9,15.9,17.0,11.6,28.7,75.4,5.4,2.9,2.9,10.7,6.3,16.5,77.0,59.7
36059411100,Nassau County,New York,76.4,83.5,68.9,19.0,36.8,37.5,14.0,40.3,5.6,22.8,13.8,17.3,16.8,14.5,33.8,77.9,6.2,3.9,3.6,11.8,7.6,21.7,78.6,53.4
36059411200,Nassau County,New York,76.7,87.6,76.0,10.6,26.3,21.1,16.6,31.5,7.6,10.5,8.7,12.5,16.4,8.6,27.9,78.9,5.3,2.5,2.7,9.4,5.2,8.4,79.2,74.0
36059411301,Nassau County,New York,77.6,88.7,76.1,8.3,24.7,19.0,15.2,30.1,8.5,9.5,8.0,10.7,14.6,8.7,29.5,80.8,5.6,2.6,2.9,9.0,4.6,6.8,81.3,77.6
36059411302,Nassau County,New York,76.3,88.2,76.9,9.8,25.1,18.5,17.0,30.4,7.7,9.5,8.2,12.0,16.5,8.2,27.5,79.0,5.2,2.4,2.6,9.4,4.9,7.3,79.4,76.8
36059411400,Nassau County,New York,77.3,88.4,76.6,8.8,24.8,18.9,16.3,30.3,7.9,9.3,7.9,11.3,15.4,8.4,28.0,79.9,5.1,2.5,2.7,9.1,4.5,6.9,80.1,77.5
36059411500,Nassau County,New York,78.6,90.0,76.8,7.1,24.3,15.9,15.9,28.7,8.3,7.8,7.3,10.2,15.0,8.1,28.3,80.6,5.0,2.3,2.6,8.9,4.1,4.8,81.3,81.2
36059411600,Nassau County,New York,77.3,88.8,78.1,8.2,24.6,17.6,16.6,29.4,8.3,8.8,8.0,11.6,16.2,8.2,28.1,80.3,5.4,2.5,2.7,9.3,4.7,6.1,80.3,78.7
36059411700,Nassau County,New York,75.9,86.7,74.0,11.7,27.2,23.2,15.3,32.1,7.9,12.0,9.7,12.5,16.2,9.8,30.1,80.2,5.9,2.8,3.0,9.5,5.9,9.4,80.0,72.5
36059411800,Nassau County,New York,76.3,88.3,75.3,10.5,26.7,20.2,16.7,31.7,7.5,10.0,8.6,12.2,16.3,8.4,27.6,78.4,5.0,2.4,2.7,9.4,4.9,7.8,79.4,75.4
36059411901,Nassau County,New York,75.3,87.1,74.5,11.7,27.3,24.7,14.7,32.1,8.9,12.7,10.2,12.7,16.4,10.3,31.8,81.4,6.6,3.2,3.4,9.6,6.3,10.2,80.7,71.6
36059411902,Nassau County,New York,76.0,87.0,73.7,12.0,27.2,22.0,17.0,32.9,7.0,11.0,9.1,13.0,16.6,8.6,27.3,77.6,5.0,2.4,2.6,9.5,5.2,9.1,78.7,73.2
36059412000,Nassau County,New York,75.3,87.7,74.1,11.7,27.2,21.9,17.3,33.0,7.1,11.0,9.0,12.9,16.5,8.3,26.8,76.9,4.9,2.5,2.6,9.6,5.1,9.3,78.5,73.0
36059412100,Nassau County,New York,76.1,88.0,74.7,11.3,27.1,21.5,16.2,31.7,8.0,11.0,9.3,12.7,17.0,8.9,29.1,79.5,5.5,2.7,2.9,9.7,5.6,8.7,79.8,74.2
36059412200,Nassau County,New York,75.6,87.7,73.9,13.0,28.1,22.1,17.5,32.9,7.1,11.2,9.4,13.4,17.5,8.5,27.7,77.6,5.1,2.5,2.6,9.7,5.6,9.4,78.5,72.7
36059412301,Nassau County,New York,76.5,88.3,75.4,10.4,26.4,22.4,15.1,30.9,8.8,11.6,9.4,11.9,16.0,9.4,30.3,80.8,6.0,2.9,3.2,9.6,5.7,8.9,80.7,74.1
36059412302,Nassau County,New York,77.2,88.3,75.7,10.9,27.5,20.6,17.1,32.1,7.0,10.4,8.7,12.4,16.3,8.6,27.2,77.6,4.9,2.4,2.6,9.4,4.9,7.7,79.0,74.7
36059412400,Nassau County,New York,76.2,87.2,75.3,11.5,28.2,26.4,13.4,32.5,9.4,14.0,10.6,12.6,15.8,11.4,34.2,82.9,7.0,3.6,3.7,10.0,6.7,11.0,82.1,70.7
36059412500,Nassau County,New York,78.6,90.1,78.1,8.1,25.3,15.6,17.7,29.6,7.5,7.6,7.2,10.9,16.0,7.3,25.9,77.9,4.3,2.0,2.3,9.1,4.0,4.9,79.9,80.9
36059412600,Nassau County,New York,79.4,90.4,78.3,7.1,24.4,15.0,16.8,28.6,7.9,7.3,7.0,10.1,15.2,7.5,26.9,79.3,4.5,2.1,2.4,8.9,3.8,4.3,80.8,82.0
36059412700,Nassau County,New York,78.9,90.5,78.0,7.8,25.1,15.5,17.3,29.4,7.7,7.6,7.2,10.5,15.7,7.3,26.3,78.2,4.4,2.0,2.4,9.1,4.0,4.9,80.2,81.1
36059412800,Nassau County,New York,78.6,89.1,76.4,9.3,27.3,19.1,17.4,32.3,6.5,9.3,7.8,11.9,15.3,8.1,26.1,77.0,4.2,2.1,2.4,9.3,4.0,6.7,79.3,76.5
36059412900,Nassau County,New York,80.8,89.3,77.7,10.8,32.2,23.2,15.1,38.2,5.8,12.2,8.6,12.4,13.2,10.7,31.7,78.5,4.3,2.7,2.8,10.4,4.2,9.0,82.0,71.3
36059413001,Nassau County,New York,75.3,86.6,72.6,14.1,28.9,25.5,15.9,33.4,7.6,13.7,10.7,13.9,17.6,10.2,30.4,79.3,6.1,3.0,3.0,10.0,6.7,11.6,79.0,69.1
36059413002,Nassau County,New York,74.4,86.3,72.1,14.6,28.9,24.9,16.4,33.7,7.3,13.3,10.5,14.2,17.9,9.8,29.6,78.5,5.8,2.8,2.9,10.1,6.6,11.6,78.6,69.3
36059413100,Nassau County,New York,76.1,87.9,74.4,11.2,27.2,21.2,16.9,32.1,7.4,10.5,8.9,12.8,16.8,8.6,27.8,78.3,5.1,2.5,2.7,9.5,5.2,8.4,79.1,74.3
36059413200,Nassau County,New York,76.6,88.0,75.3,10.5,26.8,20.8,16.0,31.1,8.1,10.7,9.1,12.1,16.4,9.1,29.3,79.9,5.5,2.6,2.9,9.5,5.4,8.1,80.1,75.2
36059413300,Nassau County,New York,76.4,88.1,75.0,11.1,27.3,20.4,16.9,31.8,7.5,10.2,8.9,12.6,16.8,8.7,28.3,78.8,5.2,2.4,2.7,9.5,5.2,7.8,79.5,75.2
36059413400,Nassau County,New York,77.6,89.2,76.0,9.3,26.1,17.8,17.2,30.5,7.5,8.9,8.0,11.7,16.3,8.0,27.2,78.5,4.8,2.2,2.5,9.3,4.6,6.4,79.7,78.1
36059413500,Nassau County,New York,78.4,88.7,75.0,11.0,30.3,22.4,16.0,35.9,6.2,11.5,8.7,12.7,14.7,9.5,29.1,77.4,4.4,2.5,2.7,10.1,4.5,8.4,80.5,72.3
36059413600,Nassau County,New York,77.4,87.2,72.9,12.2,30.3,23.8,16.3,35.7,5.9,12.3,9.2,13.6,15.7,9.5,28.0,76.4,4.5,2.4,2.6,10.1,4.8,9.4,79.2,70.0
36059413700,Nassau County,New York,75.8,86.4,71.9,13.9,30.4,26.2,15.8,35.1,6.7,13.9,10.4,14.2,16.8,10.4,29.7,78.0,5.4,2.8,2.9,10.2,6.0,11.3,79.1,67.9
36059413803,Nassau County,New York,77.8,88.4,74.9,11.2,29.1,22.0,15.8,34.8,6.9,11.2,8.9,12.4,15.1,9.7,29.9,78.6,4.9,2.6,2.8,9.8,4.9,8.2,80.6,73.2
36059413804,Nassau County,New York,77.5,88.6,75.2,10.7,28.7,20.7,16.3,34.2,6.7,10.7,8.6,12.4,15.4,9.1,28.7,77.8,4.6,2.4,2.6,9.9,4.7,8.0,80.4,74.3
36059413900,Nassau County,New York,80.6,85.9,72.9,16.5,37.4,32.5,15.3,42.3,4.3,18.9,11.2,16.1,14.8,12.7,32.1,75.7,4.4,3.2,3.0,11.7,5.3,17.9,79.3,58.0
36059414001,Nassau County,New York,80.7,87.7,77.1,14.9,36.9,30.2,14.6,42.7,5.1,17.0,10.5,14.8,13.6,13.1,34.8,78.5,4.7,3.5,3.2,11.4,5.2,15.8,81.5,62.2
36059414002,Nassau County,New York,79.9,85.7,72.7,16.4,37.6,32.8,15.0,42.4,4.2,19.0,11.2,16.3,14.8,12.7,32.0,75.6,4.4,3.2,3.0,11.7,5.2,18.8,79.4,57.7
36059414100,Nassau County,New York,79.3,87.4,74.3,14.4,35.6,30.0,14.7,40.5,5.3,17.3,10.8,14.5,14.0,13.0,33.6,78.3,4.9,3.3,3.2,11.2,5.3,14.9,80.8,62.6
36059414201,Nassau County,New York,77.3,85.7,70.4,14.5,34.2,31.1,15.6,38.1,5.0,17.7,11.1,14.9,15.4,12.0,29.4,75.8,4.8,2.9,3.0,10.7,5.3,14.8,78.1,61.4
36059414202,Nassau County,New York,79.2,85.1,69.6,16.4,37.2,34.2,15.2,40.8,4.2,19.9,11.8,16.3,15.3,13.0,30.6,75.3,4.6,3.1,3.0,11.3,5.4,18.1,78.1,56.7
36059414301,Nassau County,New York,76.8,85.7,70.1,13.8,32.9,31.6,14.9,36.7,6.2,17.8,11.4,14.2,15.0,12.2,30.9,77.8,5.7,3.3,3.3,10.2,5.9,15.2,78.8,62.1
36059414303,Nassau County,New York,77.3,87.0,72.3,12.9,32.0,27.2,15.9,36.2,6.1,14.7,10.3,14.0,15.5,10.8,29.5,77.3,5.1,2.8,2.9,10.2,5.4,11.6,79.1,66.7
36059414304,Nassau County,New York,76.6,83.3,66.9,16.9,35.9,36.3,14.8,38.0,4.9,22.2,13.2,16.3,16.5,14.1,30.2,75.8,5.6,3.2,3.3,11.0,6.4,17.7,77.0,55.2
36059414400,Nassau County,New York,77.7,85.3,70.1,15.9,35.8,32.8,15.8,39.7,4.4,18.7,11.3,15.8,15.4,12.2,29.2,74.6,4.5,2.9,2.9,10.9,5.2,16.4,77.6,58.5
36059414501,Nassau County,New York,78.0,87.5,75.3,12.0,30.5,24.2,15.9,35.2,6.5,12.7,9.5,13.1,15.4,10.1,29.7,78.2,4.9,2.7,2.8,10.0,5.1,9.7,80.0,70.6
36059414502,Nassau County,New York,76.9,87.9,74.4,12.3,29.5,23.0,16.7,34.3,6.9,11.9,9.4,13.0,15.9,9.4,29.2,77.9,5.1,2.6,2.7,9.8,5.4,9.5,79.5,71.8
36059414600,Nassau County,New York,77.0,88.3,74.5,10.9,26.4,19.6,17.5,31.7,7.1,9.8,8.5,12.4,16.7,8.0,26.7,77.3,4.7,2.3,2.5,9.5,4.9,7.9,78.8,75.6
36059414700,Nassau County,New York,76.7,89.0,75.6,10.1,26.2,18.5,17.6,31.3,7.2,9.0,8.1,12.0,16.5,7.7,26.4,77.5,4.6,2.2,2.5,9.3,4.6,6.9,79.0,77.0
36059414800,Nassau County,New York,75.8,87.8,74.1,12.3,27.8,21.4,17.4,32.9,7.0,10.7,9.0,13.1,17.1,8.5,27.5,77.5,4.9,2.4,2.6,9.6,5.3,8.8,78.6,73.3
36059414900,Nassau County,New York,76.9,88.4,75.2,10.4,26.0,19.6,17.4,31.7,7.2,9.6,8.2,12.2,16.2,7.9,26.6,77.6,4.6,2.3,2.5,9.3,4.6,7.8,79.0,76.1
36059415000,Nassau County,New York,76.7,87.9,73.8,11.3,26.8,20.2,17.3,31.9,6.9,10.4,8.7,13.1,17.2,8.2,26.6,77.0,4.8,2.3,2.5,9.8,5.1,8.4,78.5,74.4
36059415101,Nassau County,New York,76.9,88.6,75.2,10.5,26.8,19.4,16.8,31.5,7.6,9.8,8.7,12.1,16.6,8.5,28.0,78.8,5.0,2.4,2.6,9.5,5.0,7.2,79.9,76.7
36059415102,Nassau County,New York,78.0,89.9,76.7,8.4,25.7,16.5,17.2,30.0,7.3,8.0,7.5,11.2,16.0,7.5,26.3,78.1,4.4,2.1,2.4,9.2,4.1,5.3,79.9,79.8
36059415201,Nassau County,New York,77.5,89.1,76.2,9.5,26.0,18.0,17.1,30.8,7.5,9.0,8.1,11.5,16.1,8.1,27.4,78.6,4.8,2.3,2.5,9.3,4.6,6.2,79.9,78.2
36059415202,Nassau County,New York,78.1,90.1,77.8,8.2,25.1,15.7,17.5,29.6,7.4,7.7,7.3,10.9,15.9,7.3,26.0,78.1,4.3,2.0,2.3,9.1,4.0,5.0,79.9,80.5
36059415300,Nassau County,New York,75.9,88.4,75.3,11.4,26.3,20.6,17.4,31.8,7.2,10.3,8.7,12.7,16.8,8.0,26.7,77.3,4.8,2.4,2.6,9.5,5.1,8.7,78.6,74.5
36059415401,Nassau County,New York,76.4,88.5,74.5,11.5,27.3,20.1,17.3,32.0,7.2,10.2,8.8,12.8,17.2,8.3,27.5,77.9,4.9,2.4,2.6,9.6,5.2,8.0,79.0,74.9
36059415402,Nassau County,New York,77.6,89.5,76.4,9.7,26.3,17.6,17.5,30.6,7.3,8.7,7.9,11.7,16.5,7.8,26.8,77.8,4.6,2.2,2.4,9.3,4.5,6.1,79.5,78.1
36059415500,Nassau County,New York,76.2,88.9,76.0,10.5,26.2,18.9,17.5,31.2,7.6,9.4,8.4,12.2,16.8,7.8,27.1,78.1,5.0,2.3,2.6,9.4,4.9,7.3,79.3,76.9
36059415600,Nassau County,New York,76.6,88.3,74.5,11.0,26.6,19.7,17.3,31.7,7.4,9.8,8.6,12.5,16.8,8.1,27.3,78.0,4.9,2.4,2.6,9.5,5.0,7.6,79.2,75.9
36059415700,Nassau County,New York,76.2,88.8,75.4,11.4,27.3,19.4,17.8,32.0,7.1,9.6,8.5,12.7,17.2,7.9,26.8,77.2,4.7,2.2,2.5,9.5,5.0,7.5,78.8,75.8
36059415802,Nassau County,New York,77.1,89.0,75.6,10.2,26.2,18.2,17.9,31.2,7.3,8.9,8.1,12.2,16.8,7.6,26.3,77.3,4.6,2.2,2.4,9.4,4.6,6.8,79.1,77.5
36059416000,Nassau County,New York,76.3,88.6,74.8,11.1,26.6,19.3,18.1,32.2,7.0,9.4,8.4,12.8,17.0,7.7,26.2,76.8,4.6,2.2,2.4,9.5,4.8,7.6,78.6,75.9
36059416100,Nassau County,New York,75.7,88.5,74.6,11.3,26.9,19.4,18.1,32.1,7.1,9.5,8.5,12.8,17.1,7.8,26.5,77.0,4.6,2.2,2.4,9.5,4.9,7.7,78.6,75.8
36059416201,Nassau County,New York,75.2,87.3,75.0,12.9,28.5,23.5,15.7,32.5,8.1,12.5,10.2,12.8,16.8,10.2,31.1,80.2,6.1,2.9,3.0,9.7,6.5,9.8,80.0,72.0
36059416202,Nassau County,New York,75.2,86.0,71.4,14.3,30.1,25.9,17.3,34.6,6.3,13.4,10.2,14.3,17.3,9.5,27.6,76.6,5.1,2.6,2.7,9.8,5.8,11.2,77.5,67.9
36059416300,Nassau County,New York,76.8,88.4,76.5,10.2,26.7,20.8,15.2,30.5,9.2,10.8,9.4,11.7,16.1,9.8,32.2,82.0,6.5,3.0,3.2,9.4,5.9,7.7,81.5,76.0
36059416401,Nassau County,New York,76.8,88.5,75.2,10.8,26.6,17.8,20.0,32.1,6.0,8.6,7.7,13.4,17.7,6.6,23.2,73.3,3.8,1.9,2.1,9.5,4.2,7.2,76.7,75.2
36059416402,Nassau County,New York,76.3,88.8,76.1,10.5,26.3,20.5,17.0,31.3,8.2,10.2,8.7,11.9,16.1,8.5,28.7,79.4,5.3,2.6,2.9,9.3,5.1,8.1,79.7,75.5
36059416500,Nassau County,New York,77.4,86.0,72.4,13.2,31.4,27.3,15.4,36.0,6.0,14.9,10.3,14.2,15.8,11.2,29.8,77.6,5.1,2.9,3.0,10.3,5.4,12.2,79.1,65.9
36059416600,Nassau County,New York,76.6,88.1,75.6,10.7,26.7,20.2,17.2,31.7,7.3,10.1,8.6,12.3,16.4,8.6,27.6,78.4,5.0,2.4,2.6,9.3,4.9,7.6,79.0,74.8
36059416701,Nassau County,New York,76.9,87.3,73.0,11.6,28.2,22.3,16.8,32.8,6.9,11.4,9.2,13.1,16.8,9.0,27.6,77.6,5.0,2.5,2.7,9.6,5.2,9.0,78.6,72.0
36059416702,Nassau County,New York,76.6,87.8,74.5,12.1,28.6,22.3,16.8,32.8,7.2,11.4,9.3,13.4,17.4,9.0,28.2,77.9,5.3,2.5,2.8,9.8,5.5,9.2,78.7,71.5
36059416801,Nassau County,New York,76.4,88.7,74.2,11.4,27.8,19.9,17.5,32.1,7.1,10.1,8.9,12.8,17.2,8.4,27.5,77.7,4.8,2.3,2.5,9.6,5.2,7.5,79.1,75.2
36059416802,Nassau County,New York,76.4,87.8,75.7,11.9,27.8,21.9,16.6,32.1,7.9,11.3,9.5,13.1,17.4,9.1,29.2,79.1,5.6,2.7,2.9,9.8,5.8,9.0,79.3,72.8
36059416900,Nassau County,New York,77.5,89.4,78.1,8.5,25.4,18.3,15.0,29.1,9.5,9.4,8.5,10.5,15.4,9.2,31.3,82.2,6.0,2.7,3.0,9.1,5.2,6.1,82.2,79.3
36059517000,Nassau County,New York,76.6,86.8,75.4,10.8,26.8,23.0,14.4,31.4,8.4,12.1,9.7,11.8,15.5,10.8,32.0,82.0,6.3,3.0,3.1,9.4,6.0,8.6,81.2,73.4
36059517101,Nassau County,New York,76.1,85.4,71.3,13.5,30.3,26.0,16.8,34.7,5.8,13.7,10.1,14.4,16.8,9.7,27.0,75.7,4.9,2.5,2.7,10.0,5.4,11.6,77.5,67.1
36059517102,Nassau County,New York,74.5,86.3,75.0,11.1,25.2,24.2,14.5,31.2,9.3,12.5,9.9,11.9,15.6,9.9,31.7,81.8,6.7,3.3,3.4,9.3,6.3,10.2,80.9,73.1
36059517200,Nassau County,New York,75.6,83.2,68.2,17.4,33.4,32.6,15.4,36.9,5.6,18.9,12.3,16.2,17.5,12.0,29.7,75.9,5.8,3.1,3.1,10.7,6.9,17.4,76.9,58.1
36059517301,Nassau County,New York,75.7,86.0,73.1,11.9,28.4,26.4,14.6,32.5,8.2,14.1,10.6,12.8,15.8,11.0,31.6,80.8,6.6,3.2,3.4,9.6,6.4,11.4,80.0,69.1
36059517302,Nassau County,New York,74.7,85.4,71.3,14.4,30.0,27.7,15.3,33.5,7.3,15.3,11.3,14.3,17.3,11.0,30.7,79.0,6.5,3.1,3.2,10.1,7.0,13.3,78.6,65.7
36059517400,Nassau County,New York,78.0,89.2,75.2,9.7,26.9,18.4,16.5,30.8,7.6,9.5,8.4,11.8,16.5,8.5,28.2,79.0,5.0,2.3,2.6,9.5,4.9,6.6,80.2,77.2
36059517500,Nassau County,New York,76.4,88.6,75.7,10.3,26.6,20.0,16.0,31.0,8.1,10.1,8.8,11.7,16.2,8.9,29.2,79.9,5.4,2.5,2.8,9.4,5.2,7.4,80.4,76.5
36059517600,Nassau County,New York,76.2,88.3,75.9,10.5,26.6,20.4,15.9,31.0,8.1,10.4,8.9,11.9,16.3,9.0,29.2,79.9,5.4,2.6,2.8,9.4,5.4,7.7,80.3,75.8
36059517701,Nassau County,New York,77.6,87.4,75.9,8.6,24.2,18.8,14.8,30.6,7.6,9.1,7.8,10.5,14.4,9.3,28.8,80.5,5.1,2.4,2.6,8.7,4.4,5.8,80.8,77.7
36059517705,Nassau County,New York,78.4,89.3,75.3,7.6,24.7,16.5,16.0,30.0,7.3,7.8,7.2,10.3,14.7,8.2,27.1,79.4,4.4,2.1,2.4,8.9,3.9,4.6,80.8,80.4
36059517801,Nassau County,New York,77.9,89.4,77.8,7.9,24.9,17.2,15.3,29.0,8.7,8.7,7.9,10.2,15.0,8.7,29.7,81.2,5.4,2.4,2.8,9.0,4.6,5.3,81.7,80.1
36059517802,Nassau County,New York,76.4,88.2,73.2,11.9,28.6,22.0,16.8,32.8,7.0,11.4,9.3,13.0,16.8,8.9,27.9,77.5,5.1,2.5,2.7,9.7,5.3,9.2,78.8,72.5
36059517901,Nassau County,New York,76.6,88.4,76.0,10.6,27.3,19.9,16.2,31.3,8.1,10.2,9.0,12.1,16.6,9.1,29.6,80.0,5.5,2.6,2.8,9.5,5.4,7.3,80.4,76.2
36059517902,Nassau County,New York,76.6,88.1,74.7,12.0,27.9,20.9,17.0,32.3,7.5,10.8,9.3,12.8,17.1,8.8,28.7,78.5,5.2,2.5,2.7,9.7,5.6,8.3,79.4,74.5
36059518000,Nassau County,New York,76.1,87.1,73.9,12.0,28.2,23.5,16.1,32.6,7.7,12.1,9.7,13.0,16.6,9.5,29.4,79.2,5.7,2.8,2.9,9.7,5.8,9.9,79.3,71.6
36059518100,Nassau County,New York,77.3,88.8,75.7,9.9,26.4,19.0,16.4,31.0,7.9,9.4,8.4,11.7,16.3,8.4,28.4,79.4,5.2,2.4,2.7,9.3,4.9,6.8,80.2,77.1
36059518201,Nassau County,New York,78.2,89.0,76.4,8.5,24.9,17.6,15.7,30.0,7.9,8.7,7.8,10.6,15.1,8.6,28.5,80.0,5.0,2.3,2.6,9.0,4.4,5.6,80.8,79.1
36059518203,Nassau County,New York,74.8,86.8,74.7,8.8,22.6,23.1,12.4,29.2,10.8,11.6,9.3,10.1,13.6,10.1,33.8,84.1,7.3,3.5,3.7,8.6,6.0,9.3,82.8,75.7
36059518204,Nassau County,New York,77.7,89.8,77.8,7.3,23.8,16.8,15.0,28.7,8.8,8.0,7.4,9.8,14.5,8.3,29.0,81.4,5.2,2.4,2.7,8.7,4.2,4.9,81.8,81.0
36059518300,Nassau County,New York,76.2,86.8,75.0,9.4,24.0,19.8,14.9,31.2,7.5,9.6,8.0,10.9,14.6,9.1,28.0,79.7,5.0,2.4,2.6,8.8,4.6,6.7,80.1,76.1
36059518400,Nassau County,New York,76.8,87.1,75.6,8.4,23.0,18.1,15.4,30.6,7.1,8.5,7.3,10.4,14.3,8.4,26.5,79.1,4.4,2.1,2.4,8.5,4.0,5.7,79.9,78.0
36059518501,Nassau County,New York,77.2,87.0,75.8,8.1,23.1,19.6,13.3,30.1,8.6,9.6,8.0,10.0,13.7,9.7,30.4,82.1,5.7,2.7,3.0,8.6,4.7,6.3,81.7,77.3
36059518502,Nassau County,New York,76.3,84.4,73.4,9.9,23.3,21.2,14.6,32.9,6.5,9.9,7.9,11.2,14.0,9.2,26.6,78.5,4.5,2.2,2.5,8.6,4.3,7.3,79.2,73.8
36059518600,Nassau County,New York,78.2,88.0,76.1,7.5,22.8,17.4,14.8,30.0,7.3,8.0,7.1,10.0,13.8,8.4,26.9,79.8,4.5,2.1,2.4,8.4,3.8,5.1,80.6,79.2
36059518700,Nassau County,New York,76.8,86.3,75.1,8.7,22.7,19.4,14.6,31.2,7.3,8.9,7.5,10.4,13.8,8.8,27.2,79.6,4.7,2.3,2.5,8.4,4.2,6.3,80.1,76.8
36059518800,Nassau County,New York,77.4,87.7,76.1,8.5,23.4,18.2,15.6,30.8,7.3,8.5,7.5,10.6,14.5,8.4,26.7,79.0,4.6,2.2,2.5,8.7,4.1,5.9,80.0,78.1
36059518900,Nassau County,New York,75.9,83.7,72.4,11.2,25.3,24.1,15.6,34.4,6.2,11.6,8.6,12.3,14.1,9.4,26.7,77.5,4.7,2.4,2.6,8.9,4.6,9.4,78.1,70.2
36059519000,Nassau County,New York,75.3,84.8,73.5,11.9,25.8,23.0,16.2,33.7,6.6,11.1,8.9,12.8,15.7,9.0,26.9,77.7,4.8,2.4,2.5,9.2,5.1,8.9,78.3,71.8
36059519100,Nassau County,New York,74.8,84.1,72.3,13.0,26.4,25.0,15.5,33.7,7.0,12.5,9.7,13.2,16.1,9.8,28.6,78.8,5.5,2.7,2.8,9.4,5.8,10.6,78.6,69.7
36059519200,Nassau County,New York,75.1,84.9,72.1,11.1,25.2,23.0,15.5,32.8,7.0,11.1,8.8,12.2,15.1,9.3,27.6,78.7,5.1,2.5,2.7,9.0,5.0,8.9,78.9,72.1
36059519300,Nassau County,New York,75.8,83.3,71.7,11.3,24.9,23.3,16.1,33.7,5.7,11.1,8.3,12.6,14.8,8.9,25.1,76.1,4.4,2.2,2.4,8.8,4.4,9.1,77.2,70.1
36059519400,Nassau County,New York,75.5,85.8,75.1,10.6,24.4,21.6,15.9,32.4,7.4,10.2,8.4,11.7,15.0,8.7,27.6,78.9,5.1,2.5,2.7,8.8,4.8,8.0,79.1,74.3
36059519500,Nassau County,New York,75.7,85.2,74.1,10.9,24.6,22.4,15.5,32.4,7.3,10.8,8.7,11.9,15.0,9.1,27.7,79.0,5.1,2.5,2.7,8.9,5.1,8.7,79.0,73.1
36059519601,Nassau County,New York,77.2,88.0,76.0,8.9,24.2,19.1,15.6,30.6,7.7,9.1,7.8,11.0,15.0,8.4,27.6,79.5,5.0,2.4,2.6,8.8,4.5,6.7,80.0,77.1
36059519602,Nassau County,New York,77.6,89.3,76.6,8.3,24.5,16.7,16.6,29.9,7.5,8.1,7.4,10.8,15.4,7.6,26.4,78.5,4.5,2.1,2.4,9.0,4.1,5.5,80.0,79.7
36059519702,Nassau County,New York,76.5,88.7,76.4,8.5,24.6,18.9,14.9,29.5,8.9,9.2,8.2,10.4,14.8,8.9,30.2,81.6,5.7,2.6,2.9,8.8,4.8,6.5,81.5,78.4
36059519703,Nassau County,New York,77.4,88.5,76.1,8.6,24.0,17.6,16.3,30.3,7.5,8.3,7.4,10.6,14.8,7.9,26.6,78.8,4.6,2.2,2.4,8.7,4.1,6.0,79.9,78.7
36059519704,Nassau County,New York,76.5,88.4,77.1,9.5,25.0,19.1,15.6,30.5,8.2,9.5,8.2,11.1,15.5,8.8,28.9,80.1,5.3,2.5,2.8,9.0,4.9,6.5,80.5,77.3
36059519801,Nassau County,New York,76.2,86.8,75.7,9.9,24.2,20.1,15.8,31.1,7.6,9.8,8.2,11.5,15.3,8.6,27.6,79.2,5.1,2.5,2.7,9.0,4.8,7.5,79.5,75.6
36059519802,Nassau County,New York,76.6,88.0,75.6,9.6,24.9,19.8,15.6,30.9,8.3,9.7,8.4,11.2,15.4,8.8,28.9,80.1,5.4,2.6,2.8,9.0,4.9,7.2,80.4,76.7
36059519900,Nassau County,New York,75.8,88.2,76.0,10.2,25.5,19.5,16.6,31.1,7.8,9.5,8.3,11.7,16.0,8.3,27.7,79.0,5.1,2.4,2.6,9.2,4.9,7.2,79.7,76.5
36059520001,Nassau County,New York,73.3,87.2,76.0,11.4,26.0,23.7,14.9,31.3,9.3,12.1,9.8,12.1,16.0,9.7,31.7,81.6,6.7,3.2,3.3,9.3,6.3,10.1,80.6,72.9
36059520002,Nassau County,New York,75.6,87.5,74.3,10.9,26.4,20.5,17.2,31.6,7.3,10.1,8.6,12.7,16.7,8.3,27.1,78.1,4.9,2.4,2.6,9.5,5.0,8.0,79.0,75.0
36059520100,Nassau County,New York,76.5,88.6,75.9,9.5,25.4,18.9,16.1,30.5,8.2,9.2,8.2,11.3,15.7,8.4,28.5,79.7,5.2,2.4,2.7,9.1,4.8,6.8,80.3,77.5
36059520200,Nassau County,New York,76.3,88.0,75.0,10.8,25.8,19.5,18.2,32.1,6.7,9.3,8.0,12.6,16.5,7.5,25.2,76.2,4.4,2.1,2.4,9.2,4.5,7.5,78.1,75.6
36059520300,Nassau County,New York,75.6,87.4,74.0,12.4,27.3,22.0,17.3,32.7,7.3,10.8,9.2,13.1,16.9,8.5,27.8,78.0,5.1,2.5,2.6,9.5,5.4,9.0,78.7,73.3
36059520401,Nassau County,New York,77.1,86.8,74.0,11.4,27.3,21.6,17.0,32.4,6.8,10.9,8.9,12.8,16.5,8.7,27.0,77.4,4.8,2.4,2.6,9.5,5.1,8.5,78.4,72.8
36059520402,Nassau County,New York,75.1,86.3,72.4,13.5,28.3,24.8,16.3,33.6,7.6,12.6,10.1,13.6,17.0,9.4,29.5,78.7,5.6,2.8,2.9,9.7,6.1,11.1,78.9,70.1
36059520501,Nassau County,New York,75.1,87.3,73.7,11.8,26.9,21.5,17.7,32.9,7.0,10.4,8.8,13.1,16.7,8.2,26.7,77.2,4.9,2.4,2.6,9.4,5.0,8.7,78.3,73.5
36059520502,Nassau County,New York,75.8,87.8,75.0,11.3,26.8,20.9,16.9,32.0,7.8,10.4,9.0,12.8,16.9,8.7,28.5,78.9,5.4,2.6,2.8,9.5,5.4,8.5,79.3,74.5
36059520600,Nassau County,New York,75.2,87.3,72.7,12.5,28.1,22.9,16.9,33.2,7.1,11.5,9.4,13.3,16.8,9.1,28.2,77.9,5.3,2.5,2.7,9.6,5.5,9.7,78.7,71.8
36059520700,Nassau County,New York,75.8,88.3,74.2,12.1,27.2,21.3,17.4,32.3,7.5,10.6,9.1,13.0,17.2,8.3,27.8,78.1,5.2,2.5,2.7,9.6,5.4,8.9,78.9,74.1
36059520800,Nassau County,New York,75.7,88.1,75.0,11.6,26.9,20.7,17.3,32.1,7.6,10.3,8.9,12.8,17.0,8.2,27.7,78.1,5.1,2.5,2.7,9.5,5.3,8.7,79.1,74.7
36059520900,Nassau County,New York,76.4,88.2,75.3,11.1,26.6,19.6,17.7,31.8,7.4,9.7,8.6,12.8,17.2,7.9,27.0,77.7,4.9,2.3,2.6,9.5,5.0,7.9,78.9,75.8
36059521000,Nassau County,New York,74.9,87.9,74.4,12.1,27.2,21.5,17.2,32.4,7.9,10.8,9.3,13.0,17.2,8.6,28.7,78.8,5.5,2.6,2.8,9.5,5.7,9.0,79.2,73.9
36059521100,Nassau County,New York,76.2,88.4,74.9,11.2,27.0,19.9,17.4,31.8,7.6,9.9,8.8,12.7,17.2,8.1,27.7,78.1,5.1,2.4,2.6,9.6,5.2,7.9,79.2,75.6
36059521200,Nassau County,New York,76.6,88.2,74.7,11.2,26.9,20.0,17.5,31.9,7.5,9.9,8.7,12.8,17.0,8.2,27.6,78.1,5.1,2.4,2.6,9.5,5.1,8.0,79.1,75.4
36059521301,Nassau County,New York,76.2,88.6,75.3,10.8,26.7,19.5,17.7,31.7,7.6,9.5,8.5,12.4,16.7,8.0,27.2,78.0,4.9,2.3,2.6,9.4,4.9,7.6,79.2,76.4
36059521302,Nassau County,New York,76.3,88.6,75.8,11.0,27.1,19.5,17.2,31.6,7.6,9.7,8.7,12.5,17.0,8.4,28.1,78.6,5.1,2.4,2.6,9.5,5.2,7.3,79.5,76.1
36059521400,Nassau County,New York,76.7,89.0,75.6,10.3,26.4,18.5,17.4,31.1,7.6,9.2,8.3,12.0,16.6,8.0,27.5,78.4,4.9,2.3,2.5,9.4,4.9,6.9,79.6,77.4
36059521500,Nassau County,New York,76.4,88.4,75.6,11.4,27.0,20.2,17.4,31.9,7.6,10.0,8.8,12.8,17.1,8.3,27.7,78.1,5.1,2.4,2.6,9.5,5.2,8.1,79.0,74.9
36059521601,Nassau County,New York,75.9,88.2,75.3,12.3,27.5,21.1,17.4,32.4,7.6,10.6,9.2,13.1,17.5,8.5,28.2,78.3,5.2,2.5,2.7,9.7,5.6,8.7,79.0,74.1
36059521602,Nassau County,New York,76.1,88.6,75.3,11.3,26.9,19.8,17.6,31.8,7.5,9.8,8.7,12.6,17.1,8.0,27.2,77.7,4.9,2.4,2.6,9.5,5.1,7.9,79.0,75.8
36059521700,Nassau County,New York,76.0,88.7,76.0,10.9,26.7,20.1,16.6,31.1,8.1,10.1,8.8,12.1,16.6,8.5,28.8,79.5,5.3,2.5,2.7,9.4,5.3,7.7,79.9,76.0
36059521801,Nassau County,New York,76.2,87.8,73.2,12.5,27.8,21.8,16.9,32.5,7.5,11.2,9.4,13.2,17.3,8.9,28.7,78.3,5.4,2.6,2.7,9.7,5.7,9.1,79.0,73.0
36059521802,Nassau County,New York,75.3,88.2,74.7,11.6,26.5,21.3,16.8,32.0,8.1,10.6,9.1,12.6,16.8,8.5,28.8,79.1,5.5,2.7,2.8,9.5,5.5,8.9,79.6,74.6
36059521902,Nassau County,New York,77.4,89.9,76.5,9.3,25.9,17.0,17.8,30.4,7.5,8.4,7.7,11.5,16.3,7.6,26.5,78.0,4.6,2.1,2.4,9.2,4.4,5.8,79.6,79.0
36059522000,Nassau County,New York,77.4,87.9,75.4,12.1,31.1,24.6,15.7,36.2,6.7,12.8,9.5,13.1,14.9,10.6,31.1,78.8,5.1,2.8,3.0,10.0,5.2,9.9,80.6,70.0
36059522700,Nassau County,New York,76.5,88.3,75.3,11.1,26.7,20.1,17.0,31.5,7.9,10.1,8.9,12.5,17.0,8.4,28.4,79.0,5.3,2.5,2.7,9.5,5.3,7.9,79.6,75.7
36059980100,Nassau County,New York,,72.1,,3.1,14.0,10.3,22.6,26.4,0.7,3.7,3.0,18.3,20.4,0.7,4.8,16.6,0.3,0.3,0.4,11.1,0.8,,72.9,82.3
36059981100,Nassau County,New York,55.9,68.2,87.9,5.3,17.1,14.7,23.7,32.2,0.7,5.3,4.1,21.7,21.0,1.0,6.2,18.8,0.4,0.4,0.5,11.5,1.2,9.1,72.0,75.4
36059982100,Nassau County,New York,64.5,70.5,77.5,5.4,19.2,15.4,23.5,34.1,0.7,5.9,4.2,21.2,19.1,1.2,7.3,21.0,0.5,0.4,0.6,11.7,1.2,6.9,73.4,74.0
36103110101,Suffolk County,New York,77.9,90.6,74.5,8.0,26.4,17.3,15.0,29.4,8.3,8.7,7.4,10.4,17.2,8.3,31.3,80.5,5.3,2.3,2.6,9.1,4.5,5.6,79.2,79.1
36103110102,Suffolk County,New York,77.3,90.2,74.4,8.7,26.3,17.7,15.7,29.9,7.8,8.8,7.4,11.1,17.9,7.8,29.7,79.1,5.0,2.2,2.5,9.3,4.5,6.1,78.1,78.2
36103110200,Suffolk County,New York,77.5,89.8,73.6,9.9,27.9,19.8,14.9,30.9,8.3,10.3,8.4,11.5,18.4,8.9,32.3,80.4,5.7,2.5,2.8,9.6,5.3,7.1,78.6,75.6
36103110300,Suffolk County,New York,77.5,89.7,74.4,9.4,27.4,19.1,15.1,30.5,8.2,9.8,8.1,11.3,18.0,8.7,31.8,80.2,5.6,2.5,2.7,9.4,5.1,6.8,78.5,76.4
36103110401,Suffolk County,New York,78.2,90.8,75.6,8.6,27.3,17.8,15.0,29.8,8.3,9.2,7.8,10.7,17.8,8.6,31.9,80.4,5.5,2.4,2.7,9.3,4.8,5.7,79.1,78.4
36103110402,Suffolk County,New York,76.7,90.2,73.7,9.9,27.7,18.7,15.8,31.1,7.8,9.4,7.9,11.6,18.5,8.1,30.3,78.9,5.1,2.3,2.5,9.5,4.9,6.7,78.1,77.0
36103110501,Suffolk County,New York,76.9,89.9,73.6,9.9,27.7,19.5,14.8,30.7,8.2,10.2,8.3,11.5,18.4,8.9,32.0,80.2,5.7,2.5,2.8,9.6,5.3,7.1,78.7,76.2
36103110502,Suffolk County,New York,77.3,90.3,73.8,9.0,27.1,17.7,16.2,30.8,7.4,8.8,7.4,11.4,18.1,7.6,28.9,77.8,4.7,2.1,2.4,9.4,4.3,6.3,77.6,77.6
36103110600,Suffolk County,New York,77.1,89.9,73.9,10.1,28.0,19.3,15.4,31.0,7.9,9.8,8.2,11.6,18.5,8.6,31.4,79.7,5.4,2.4,2.6,9.5,5.1,6.9,78.3,76.4
36103110801,Suffolk County,New York,77.0,90.1,74.7,9.4,27.7,19.1,14.6,30.4,8.7,9.8,8.2,11.1,17.9,9.1,33.2,81.3,5.8,2.5,2.8,9.4,5.2,6.4,79.6,77.6
36103110803,Suffolk County,New York,77.0,90.2,74.2,9.5,27.4,18.8,15.4,30.6,8.1,9.6,8.0,11.3,17.9,8.5,31.5,79.9,5.6,2.4,2.7,9.3,5.0,6.8,78.4,77.0
36103110901,Suffolk County,New York,77.1,89.8,74.7,10.1,27.3,18.4,17.1,31.4,6.7,9.4,7.5,12.3,18.9,7.4,27.6,75.9,4.5,2.1,2.3,9.6,4.5,7.1,75.8,74.8
36103110902,Suffolk County,New York,76.3,85.1,66.2,17.4,36.1,32.6,14.0,38.1,5.7,19.3,11.9,16.4,19.6,12.7,34.2,76.9,6.2,3.2,3.1,11.2,7.3,17.3,76.0,57.3
36103111001,Suffolk County,New York,77.0,89.9,73.7,10.0,28.1,20.3,15.6,32.3,7.5,10.3,8.0,12.2,18.1,8.5,30.3,78.4,5.1,2.5,2.7,9.7,4.8,7.9,77.6,74.2
36103111002,Suffolk County,New York,75.7,84.6,65.1,16.9,35.2,32.8,14.8,36.9,4.9,19.6,11.6,16.4,19.7,11.5,30.4,73.5,5.5,2.8,2.8,10.9,6.6,17.8,73.6,56.0
36103111100,Suffolk County,New York,76.3,84.2,63.7,16.5,35.1,33.2,15.2,37.6,4.4,19.3,11.2,16.6,19.2,11.0,29.1,72.3,4.9,2.6,2.7,10.9,5.9,18.9,73.2,55.4
36103111201,Suffolk County,New York,75.2,84.3,63.8,16.9,34.7,32.7,15.8,37.4,4.8,18.6,11.2,16.5,19.6,10.7,29.4,72.9,5.2,2.6,2.7,10.6,6.2,17.9,73.1,56.5
36103111202,Suffolk County,New York,75.6,87.5,69.1,12.9,29.8,24.2,16.2,33.9,6.0,12.8,9.0,13.8,19.2,8.6,28.1,75.0,4.8,2.3,2.5,10.0,5.3,10.9,74.9,68.3
36103111300,Suffolk County,New York,77.1,89.8,72.3,9.9,27.9,19.8,15.0,31.0,8.0,10.2,8.3,11.6,18.3,8.8,31.9,79.9,5.7,2.5,2.7,9.6,5.2,7.3,78.5,75.7
36103111401,Suffolk County,New York,77.6,89.1,72.8,10.7,28.6,20.8,15.2,32.2,7.5,11.0,8.5,12.0,18.0,9.3,31.9,79.4,5.5,2.5,2.7,9.6,5.3,8.0,77.9,73.9
36103111402,Suffolk County,New York,76.7,88.6,72.3,11.2,28.6,21.2,15.4,32.5,7.1,10.8,8.4,12.4,18.6,8.9,30.5,78.4,5.1,2.3,2.6,9.7,5.2,8.0,77.2,73.0
36103111503,Suffolk County,New York,75.7,88.7,72.6,10.9,28.5,24.0,13.6,32.5,8.7,12.6,9.2,12.1,17.5,10.3,34.6,81.4,6.4,3.1,3.3,9.7,6.0,9.8,79.3,71.6
36103111504,Suffolk County,New York,75.4,89.0,73.5,11.2,28.0,20.6,15.7,32.3,7.4,10.4,8.2,12.0,18.2,8.6,30.5,78.3,5.2,2.4,2.6,9.5,5.1,7.7,77.4,74.5
36103111505,Suffolk County,New York,77.3,88.1,71.3,12.3,30.7,25.7,14.3,35.0,7.1,13.9,9.5,13.1,17.4,10.5,33.4,79.1,5.8,3.0,3.1,10.2,5.7,11.6,78.1,68.2
36103111506,Suffolk County,New York,77.5,86.8,69.0,12.3,30.4,24.8,14.2,35.2,6.4,13.0,9.0,13.3,17.7,10.2,31.9,78.3,5.2,2.6,2.7,10.1,5.3,10.7,77.6,68.6
36103111601,Suffolk County,New York,76.8,89.3,72.4,10.9,28.2,19.9,16.6,32.0,7.0,10.0,8.0,12.5,18.9,7.9,28.9,77.1,4.8,2.2,2.4,9.5,4.9,7.8,76.5,74.4
36103111602,Suffolk County,New York,75.8,89.3,71.8,12.1,28.9,20.9,16.4,32.7,7.1,10.8,8.6,12.9,19.4,8.2,29.8,77.3,5.1,2.3,2.5,9.8,5.4,8.8,76.6,73.2
36103111701,Suffolk County,New York,75.9,87.9,70.4,13.4,30.0,23.1,16.0,34.0,6.7,12.0,9.2,14.0,20.0,9.0,30.3,77.1,5.3,2.4,2.6,10.0,5.7,9.9,76.1,69.7
36103111703,Suffolk County,New York,76.0,89.1,72.2,11.0,27.8,21.7,15.2,32.0,8.1,11.0,8.6,12.3,18.5,8.8,31.6,79.4,5.8,2.6,2.8,9.6,5.4,8.9,77.9,73.8
36103111704,Suffolk County,New York,75.6,89.3,73.0,11.6,28.6,21.3,15.6,32.2,7.8,10.9,8.8,12.6,19.2,8.8,31.4,79.1,5.6,2.5,2.7,9.8,5.6,8.5,77.7,73.8
36103111801,Suffolk County,New York,74.8,88.2,72.8,11.4,27.5,21.9,15.1,32.4,7.8,11.0,8.5,12.1,18.1,9.1,31.6,79.5,5.6,2.5,2.7,9.4,5.5,8.5,77.7,73.4
36103111802,Suffolk County,New York,75.4,89.7,74.3,10.4,27.6,19.8,15.6,31.6,7.9,9.9,8.1,11.6,18.0,8.6,31.3,79.4,5.5,2.4,2.7,9.3,5.1,7.3,78.0,75.7
36103111803,Suffolk County,New York,76.0,89.3,74.0,9.9,26.8,19.6,15.3,31.4,7.6,9.6,7.8,11.5,17.9,8.3,30.0,79.0,5.1,2.3,2.6,9.3,4.8,7.1,77.8,76.1
36103111804,Suffolk County,New York,75.1,89.1,71.6,10.9,27.2,20.7,15.7,31.9,7.6,10.3,8.2,12.2,18.4,8.4,30.3,78.6,5.3,2.4,2.6,9.5,5.1,8.2,77.4,74.6
36103111900,Suffolk County,New York,77.4,89.0,74.0,9.7,27.0,19.4,15.3,31.0,7.8,9.9,8.0,11.5,18.0,8.6,30.8,79.5,5.3,2.4,2.6,9.4,5.0,6.9,78.0,76.0
36103112001,Suffolk County,New York,75.9,88.3,72.0,11.4,27.7,21.6,15.9,32.6,7.0,10.9,8.3,12.5,18.3,8.4,29.4,77.4,5.1,2.3,2.5,9.5,5.1,8.9,76.4,72.6
36103112002,Suffolk County,New York,76.7,88.3,71.9,11.5,28.1,23.6,13.9,31.9,8.7,12.3,9.4,12.2,18.2,10.1,34.4,81.4,6.7,3.0,3.2,9.6,6.2,9.8,78.8,72.0
36103112102,Suffolk County,New York,78.3,90.2,76.0,7.2,25.0,16.3,15.3,29.5,7.6,7.9,6.6,10.1,16.5,7.8,29.1,79.3,4.6,2.0,2.4,8.9,3.8,4.7,78.6,79.9
36103112103,Suffolk County,New York,75.1,87.9,72.4,10.8,26.9,25.0,12.8,31.0,10.1,13.0,9.7,11.8,17.6,10.5,36.4,83.1,7.6,3.5,3.6,9.5,6.7,10.3,80.0,72.1
36103112104,Suffolk County,New York,76.3,87.6,71.8,9.7,25.7,19.8,15.2,32.0,6.8,9.8,7.6,11.4,16.9,8.6,29.1,78.0,4.8,2.2,2.4,9.0,4.5,7.1,77.1,74.7
36103112204,Suffolk County,New York,76.5,88.9,73.5,10.8,27.8,20.8,15.3,32.1,7.7,10.5,8.4,12.2,18.5,8.9,31.1,79.0,5.5,2.5,2.7,9.5,5.2,8.0,77.6,73.9
36103112206,Suffolk County,New York,75.8,88.9,73.9,9.8,26.1,21.2,14.1,31.0,8.7,10.7,8.3,11.4,17.5,9.0,32.3,80.7,6.0,2.8,3.0,9.4,5.3,8.4,78.8,74.8
36103112210,Suffolk County,New York,76.8,88.6,73.8,9.7,26.5,19.8,15.1,32.0,7.2,9.7,7.6,11.4,17.1,8.6,30.1,79.0,5.0,2.3,2.5,9.2,4.6,6.8,77.8,75.4
36103112211,Suffolk County,New York,76.4,89.2,73.4,9.9,27.6,19.5,15.4,31.8,7.3,9.7,7.8,11.7,17.9,8.7,30.4,79.0,5.0,2.3,2.5,9.4,4.7,6.6,77.9,75.8
36103112212,Suffolk County,New York,77.1,88.5,74.4,8.7,25.6,18.8,15.1,31.1,7.0,9.3,7.3,11.4,17.0,8.6,29.4,79.0,4.8,2.2,2.4,9.2,4.3,6.3,77.9,76.4
36103112213,Suffolk County,New York,77.6,87.7,72.7,9.8,26.8,20.0,14.8,32.8,6.5,9.8,7.5,11.6,17.0,8.8,29.6,78.2,4.6,2.2,2.4,9.4,4.4,6.9,77.7,74.6
36103112214,Suffolk County,New York,76.0,88.7,77.4,8.7,26.4,20.7,12.2,29.6,10.0,11.0,8.5,10.2,16.6,10.7,36.5,84.0,6.9,3.0,3.3,9.2,5.8,6.7,81.3,76.3
36103122300,Suffolk County,New York,75.3,86.5,68.4,12.7,28.8,22.9,17.4,34.2,5.3,11.5,8.4,15.1,19.8,7.7,26.1,73.1,4.3,2.0,2.2,10.1,4.9,10.7,74.3,68.6
36103122403,Suffolk County,New York,79.0,89.1,72.7,12.0,33.9,25.1,14.5,39.2,5.5,13.2,8.5,13.5,15.8,10.6,33.5,77.4,4.4,2.7,2.7,10.7,4.5,10.8,79.2,67.7
36103122404,Suffolk County,New York,74.4,87.6,69.6,13.4,29.7,23.6,17.3,34.4,6.1,11.9,8.9,14.6,20.0,8.0,27.7,74.5,4.7,2.3,2.4,10.1,5.3,11.0,74.8,69.3
36103122405,Suffolk County,New York,79.2,88.5,72.5,13.0,34.4,25.9,14.2,40.2,5.1,14.0,8.9,14.1,16.2,10.8,33.3,76.7,4.3,2.7,2.7,11.1,4.6,11.1,79.0,66.2
36103122406,Suffolk County,New York,80.4,86.2,68.1,18.9,41.4,35.9,13.5,44.4,4.1,21.5,11.7,17.5,17.3,14.1,36.7,75.5,5.0,3.4,3.1,12.2,6.0,20.9,77.8,52.2
36103122501,Suffolk County,New York,78.8,83.8,66.2,22.9,43.2,42.0,12.2,45.6,4.5,26.8,14.2,19.7,18.9,16.2,39.4,76.5,6.2,4.1,3.6,13.3,8.1,27.3,77.8,45.4
36103122502,Suffolk County,New York,80.4,89.3,74.1,13.2,36.4,27.7,13.9,41.6,4.9,15.8,9.2,14.3,15.5,11.7,35.0,77.2,4.3,3.1,3.0,11.7,4.6,14.1,79.7,64.2
36103122601,Suffolk County,New York,75.1,87.9,70.5,12.1,28.7,23.2,15.9,33.9,6.5,11.6,8.5,13.3,18.5,8.6,29.2,76.7,4.9,2.3,2.5,9.7,5.1,9.8,76.2,70.5
36103122602,Suffolk County,New York,73.2,86.9,69.1,15.2,31.0,27.2,14.7,35.0,7.3,14.6,10.5,14.6,19.9,10.5,33.5,79.0,6.5,3.0,3.0,10.3,7.0,13.1,76.9,65.8
36103122603,Suffolk County,New York,75.4,87.4,70.4,13.1,29.7,23.9,15.9,34.3,6.7,12.2,9.1,14.0,19.4,9.0,30.2,77.0,5.3,2.5,2.6,10.0,5.6,10.6,76.2,69.4
36103122704,Suffolk County,New York,75.7,87.5,71.6,12.5,30.4,24.4,14.9,35.8,6.2,12.7,8.8,13.5,17.7,9.7,31.3,77.4,5.0,2.5,2.6,10.1,5.2,10.2,77.3,68.6
36103122705,Suffolk County,New York,74.4,85.5,69.2,14.8,30.1,26.7,15.2,35.3,6.4,13.9,9.8,14.7,19.6,9.7,30.9,77.4,5.4,2.6,2.7,10.3,6.2,12.1,75.9,65.9
36103122706,Suffolk County,New York,73.9,86.6,70.7,14.0,29.2,25.1,15.5,34.4,6.6,13.2,9.4,14.1,19.3,9.3,30.4,77.1,5.5,2.6,2.7,10.1,6.0,11.5,75.8,67.4
36103122707,Suffolk County,New York,74.1,87.5,71.8,11.9,27.9,22.4,16.3,33.2,7.1,11.0,8.4,13.3,18.8,8.4,29.4,77.4,5.2,2.4,2.6,9.6,5.2,9.4,76.3,71.9
36103122801,Suffolk County,New York,76.3,86.3,71.6,14.8,34.1,31.0,12.4,38.0,7.7,17.6,11.4,14.6,18.0,13.5,38.6,81.3,7.0,3.7,3.7,11.2,7.4,14.0,79.9,62.8
36103122802,Suffolk County,New York,74.8,87.1,69.4,13.7,30.5,25.2,15.7,35.3,6.7,13.1,9.5,14.4,19.4,9.4,30.8,77.0,5.4,2.6,2.7,10.3,5.8,11.1,76.3,68.0
36103122901,Suffolk County,New York,74.2,86.9,69.1,14.9,29.9,24.6,17.0,35.1,6.1,12.4,9.3,15.0,20.4,8.3,28.6,75.2,4.9,2.3,2.4,10.1,5.7,11.4,74.7,67.8
36103122902,Suffolk County,New York,74.5,86.9,70.0,13.9,29.7,24.4,16.6,34.5,6.7,12.5,9.4,14.6,20.3,8.8,29.9,76.9,5.3,2.5,2.6,10.2,6.0,10.9,75.7,69.0
36103123001,Suffolk County,New York,74.2,87.6,70.4,13.5,29.6,24.2,16.3,34.1,6.6,12.2,9.1,14.1,19.6,8.6,29.4,76.6,5.1,2.4,2.6,10.0,5.6,10.7,75.7,69.2
36103123002,Suffolk County,New York,73.6,85.7,68.1,16.5,31.5,28.0,15.7,35.8,6.4,15.1,10.6,15.5,20.5,10.0,31.4,76.9,5.7,2.7,2.8,10.5,6.8,13.3,75.3,63.7
36103123101,Suffolk County,New York,76.1,88.2,71.9,12.2,29.1,23.1,15.5,33.2,7.3,11.9,9.0,13.2,19.0,9.1,31.1,78.5,5.5,2.6,2.7,9.9,5.7,9.7,77.1,71.2
36103123102,Suffolk County,New York,75.3,87.2,69.2,14.9,31.1,25.7,15.7,34.6,6.9,13.6,10.1,14.5,20.3,9.7,31.7,77.8,5.8,2.7,2.8,10.3,6.5,12.0,76.2,67.4
36103123201,Suffolk County,New York,76.6,85.9,70.9,13.1,32.4,30.6,13.6,36.8,6.7,16.5,10.3,13.8,16.4,11.8,34.3,79.2,6.1,3.2,3.2,10.1,6.0,14.1,77.8,63.0
36103123202,Suffolk County,New York,79.8,87.2,70.6,15.0,37.1,33.3,12.8,41.3,5.8,19.0,10.8,15.2,16.0,13.2,37.2,78.8,5.6,3.6,3.4,11.5,5.9,17.8,79.4,58.9
36103123301,Suffolk County,New York,78.0,86.5,68.8,17.6,38.2,34.3,13.3,42.1,5.3,20.5,11.8,16.5,17.8,13.5,36.7,77.5,5.6,3.6,3.3,12.2,6.7,19.1,78.2,56.3
36103123302,Suffolk County,New York,78.5,86.0,66.8,18.1,38.4,35.4,14.1,43.3,4.1,21.4,11.5,17.7,17.8,12.5,33.5,73.7,4.6,3.3,3.0,12.6,5.8,23.0,76.4,53.2
36103123401,Suffolk County,New York,74.6,86.2,67.1,15.7,31.6,27.1,16.6,35.9,5.5,14.3,9.9,15.7,20.6,9.1,28.5,74.2,4.8,2.4,2.5,10.5,5.9,13.0,74.2,64.4
36103123402,Suffolk County,New York,74.4,87.2,69.1,14.2,30.4,25.2,16.5,35.0,6.3,13.0,9.5,14.7,19.9,8.9,29.5,75.9,5.1,2.5,2.6,10.2,5.8,11.7,75.3,67.5
36103123500,Suffolk County,New York,75.4,86.9,70.4,13.4,30.7,28.0,13.9,34.4,8.2,15.4,10.6,13.8,18.5,11.1,35.2,80.5,6.9,3.4,3.4,10.3,7.0,13.1,78.2,66.2
36103123600,Suffolk County,New York,76.7,89.3,73.9,10.5,27.9,21.3,14.7,31.3,9.0,10.9,8.9,11.7,18.2,9.4,34.0,81.5,6.3,2.8,3.0,9.5,5.9,7.8,79.2,75.3
36103123701,Suffolk County,New York,75.4,84.4,63.6,16.4,35.2,34.2,15.3,37.7,4.6,19.9,11.5,16.4,19.0,11.5,29.3,72.8,5.1,2.7,2.8,10.8,5.9,17.5,73.2,55.8
36103123702,Suffolk County,New York,74.1,84.6,64.8,17.9,33.9,32.6,14.8,36.8,6.2,18.6,12.0,16.6,20.8,11.4,32.4,76.5,6.3,3.1,3.0,10.9,7.6,17.4,74.9,58.3
36103123801,Suffolk County,New York,75.1,87.6,70.6,14.6,30.3,24.7,15.6,34.1,7.4,13.3,10.0,14.0,20.1,9.7,32.5,78.6,6.0,2.8,2.8,10.2,6.7,11.2,76.7,69.0
36103123802,Suffolk County,New York,74.7,87.0,69.0,16.2,32.3,26.1,16.4,35.5,6.3,13.8,10.2,15.3,20.9,9.5,31.0,76.4,5.5,2.5,2.6,10.4,6.5,12.0,75.2,65.8
36103123900,Suffolk County,New York,74.8,87.5,69.4,13.6,29.4,23.5,16.9,34.3,6.4,12.0,9.1,14.5,20.2,8.3,28.6,75.8,4.9,2.3,2.5,10.2,5.5,10.7,75.3,69.8
36103124001,Suffolk County,New York,74.1,87.6,69.8,13.8,29.6,23.2,16.9,34.0,6.5,11.7,9.0,14.5,20.5,8.2,28.9,76.0,4.9,2.3,2.5,10.2,5.6,10.5,75.4,70.2
36103124002,Suffolk County,New York,74.2,87.2,69.5,14.1,29.6,24.1,17.0,34.4,6.5,12.2,9.2,14.5,20.3,8.4,29.1,76.1,5.1,2.4,2.5,10.1,5.7,10.9,75.2,69.3
36103124101,Suffolk County,New York,74.3,86.9,68.9,14.9,30.2,24.7,16.9,34.8,6.4,13.0,9.7,15.3,21.2,8.6,29.2,75.6,5.2,2.5,2.6,10.5,6.1,11.8,74.9,67.7
36103124102,Suffolk County,New York,74.6,87.4,68.8,14.8,30.2,24.0,16.9,34.4,6.4,12.6,9.6,14.9,20.9,8.5,29.4,75.8,5.1,2.4,2.5,10.4,6.1,11.3,75.1,68.8
36103124200,Suffolk County,New York,74.3,87.2,69.9,15.4,30.5,25.6,16.3,34.7,6.8,13.2,9.9,14.8,20.6,9.1,30.9,77.3,5.6,2.6,2.6,10.2,6.5,12.0,75.7,67.6
36103124300,Suffolk County,New York,74.7,87.4,70.5,13.8,29.6,26.2,14.8,33.8,7.8,13.9,10.1,14.0,19.6,10.0,33.0,79.5,6.4,3.0,3.1,10.2,6.7,12.3,77.2,67.9
36103124401,Suffolk County,New York,74.6,87.9,72.2,12.1,27.5,24.9,14.2,32.2,9.2,12.8,9.7,12.6,18.5,9.7,34.3,81.4,6.8,3.2,3.3,9.7,6.6,10.8,78.6,71.4
36103124402,Suffolk County,New York,75.1,88.4,71.5,12.7,28.8,21.5,17.4,33.5,6.7,10.7,8.5,13.6,19.8,7.8,28.6,76.2,4.8,2.2,2.4,9.8,5.2,9.1,75.6,72.4
36103124500,Suffolk County,New York,77.0,89.1,72.3,10.7,27.8,19.4,17.0,32.3,6.5,9.7,7.7,12.7,19.0,7.5,27.6,75.9,4.4,2.1,2.3,9.7,4.6,7.7,76.0,74.7
36103124601,Suffolk County,New York,76.4,89.6,72.5,10.9,28.0,20.0,16.5,32.0,7.3,10.0,8.2,12.7,19.2,7.9,29.4,77.6,5.0,2.3,2.5,9.7,5.0,7.9,76.9,74.8
36103124602,Suffolk County,New York,77.0,89.5,71.9,10.3,28.0,19.8,16.4,31.6,7.2,9.9,8.0,12.4,18.8,8.0,29.1,77.6,4.9,2.3,2.5,9.6,4.8,7.5,76.8,74.8
36103134702,Suffolk County,New York,75.2,88.3,72.7,12.4,28.8,23.3,15.2,32.8,8.1,12.1,9.3,13.1,19.2,9.4,32.3,79.5,6.1,2.8,2.9,9.9,6.1,9.8,77.5,71.4
36103134703,Suffolk County,New York,76.3,89.8,74.2,10.0,27.7,19.3,15.3,31.2,8.0,9.9,8.1,11.4,18.0,8.8,31.7,79.8,5.4,2.4,2.7,9.4,5.1,6.8,78.5,76.5
36103134704,Suffolk County,New York,74.5,88.4,73.2,11.4,27.7,22.8,14.9,32.0,8.7,11.6,9.1,12.5,18.6,9.3,33.0,80.7,6.1,2.9,3.0,9.6,6.0,8.9,78.4,73.3
36103134902,Suffolk County,New York,76.0,89.3,74.2,10.3,27.4,20.1,15.6,31.2,7.9,10.2,8.2,11.8,18.3,8.5,31.1,79.6,5.5,2.5,2.7,9.5,5.2,7.8,78.0,75.5
36103134903,Suffolk County,New York,77.0,90.5,72.8,10.4,28.3,18.7,16.4,31.6,7.3,9.5,7.9,12.1,18.9,7.9,29.5,77.7,4.9,2.2,2.4,9.7,4.8,7.0,77.3,76.3
36103134904,Suffolk County,New York,76.6,89.5,73.8,9.9,27.0,19.9,15.6,31.0,7.9,10.0,8.0,11.7,18.0,8.3,30.5,79.2,5.4,2.4,2.7,9.3,5.0,7.6,77.8,75.7
36103134906,Suffolk County,New York,74.4,88.1,72.9,12.3,28.4,25.1,13.4,31.6,9.6,13.7,10.2,12.6,19.0,10.6,36.1,82.3,7.4,3.4,3.5,10.0,7.2,10.9,79.3,71.0
36103134907,Suffolk County,New York,75.8,88.4,72.6,12.6,29.4,21.2,16.4,33.0,7.0,11.0,8.7,13.2,19.6,8.6,30.4,77.5,5.2,2.3,2.5,9.9,5.5,8.5,76.5,72.5
36103135002,Suffolk County,New York,75.9,89.4,72.6,11.3,28.1,19.8,16.8,32.3,6.8,10.0,8.1,12.8,19.4,7.8,28.4,76.5,4.7,2.2,2.4,9.8,4.9,7.9,76.2,74.4
36103135003,Suffolk County,New York,76.6,89.5,71.3,11.6,28.6,20.1,16.9,32.4,6.6,10.2,8.2,13.0,19.5,7.8,28.5,76.3,4.7,2.2,2.4,9.8,5.0,8.4,76.0,73.7
36103135004,Suffolk County,New York,76.7,89.7,74.0,9.6,27.4,19.2,15.0,30.6,8.2,10.0,8.2,11.4,18.0,9.0,32.2,80.5,5.7,2.5,2.7,9.4,5.3,6.9,78.6,76.3
36103135005,Suffolk County,New York,73.4,88.5,74.4,9.2,25.5,26.3,10.9,29.2,12.9,13.6,10.4,10.6,16.5,11.4,40.8,86.2,9.2,4.2,4.4,9.2,7.5,9.9,82.9,73.8
36103135101,Suffolk County,New York,75.0,89.1,73.3,10.3,27.2,19.8,15.9,32.0,7.4,9.7,7.9,12.0,18.2,8.3,29.8,78.4,5.1,2.3,2.6,9.3,4.8,7.2,77.4,75.4
36103135102,Suffolk County,New York,76.3,89.1,73.0,10.8,27.8,20.5,15.6,32.0,7.3,10.2,8.1,12.3,18.5,8.4,30.0,78.3,5.1,2.3,2.6,9.5,5.0,7.8,77.2,74.2
36103135103,Suffolk County,New York,76.5,89.8,73.2,9.6,26.9,18.2,16.5,31.2,7.1,8.9,7.4,11.6,18.1,7.7,28.5,77.6,4.6,2.1,2.3,9.3,4.4,6.4,77.1,77.0
36103135104,Suffolk County,New York,75.4,89.5,72.3,11.7,28.3,20.3,16.6,32.3,6.8,10.5,8.3,12.8,19.3,8.1,29.0,76.7,4.9,2.2,2.4,9.8,5.1,8.3,76.3,73.6
36103135201,Suffolk County,New York,76.1,89.0,74.2,10.2,26.5,19.4,16.2,31.2,7.5,9.5,7.7,12.1,18.6,7.7,29.0,78.2,4.9,2.2,2.5,9.4,4.8,7.4,77.1,76.0
36103135204,Suffolk County,New York,74.7,88.9,73.6,12.1,28.7,21.8,15.4,32.5,7.9,11.3,8.9,12.6,19.0,9.1,32.1,79.5,5.8,2.6,2.8,9.7,5.8,8.8,77.8,73.3
36103135205,Suffolk County,New York,75.2,89.3,73.9,10.4,26.9,20.0,15.8,31.7,7.7,9.8,7.9,11.9,18.1,8.2,30.0,78.7,5.2,2.3,2.6,9.3,4.9,7.5,77.4,75.3
36103135208,Suffolk County,New York,74.2,89.1,74.6,10.3,27.2,21.0,14.8,31.4,8.5,10.4,8.4,11.8,18.1,9.0,32.0,80.5,5.8,2.6,2.9,9.4,5.4,7.8,78.6,75.5
36103135209,Suffolk County,New York,75.9,89.3,75.0,9.7,27.0,19.5,15.2,31.0,7.9,9.8,7.9,11.4,17.8,8.6,31.0,79.8,5.5,2.4,2.7,9.2,5.0,6.9,78.1,76.0
36103135301,Suffolk County,New York,75.5,88.8,74.0,10.9,27.4,20.7,15.7,31.6,7.9,10.5,8.4,12.2,18.6,8.5,30.9,79.2,5.5,2.5,2.7,9.5,5.4,8.1,77.7,74.9
36103135303,Suffolk County,New York,76.4,89.3,71.8,11.3,28.4,19.9,16.8,32.7,6.9,9.9,8.1,12.9,19.4,7.8,28.6,76.5,4.8,2.2,2.4,9.8,4.9,7.9,76.4,74.3
36103135304,Suffolk County,New York,75.4,89.5,74.5,10.7,28.1,20.4,15.5,31.8,8.1,10.2,8.4,12.1,18.7,8.7,31.5,79.5,5.6,2.5,2.7,9.6,5.4,7.4,78.1,75.2
36103135401,Suffolk County,New York,76.5,89.3,73.3,11.2,27.8,20.8,16.0,32.2,7.3,10.5,8.3,12.6,18.9,8.2,29.6,77.7,5.1,2.4,2.6,9.7,5.1,8.2,76.8,73.7
36103135402,Suffolk County,New York,77.2,89.4,75.1,10.1,27.2,18.6,16.5,31.7,6.9,9.1,7.5,11.9,18.4,7.7,28.3,77.2,4.5,2.0,2.3,9.4,4.5,6.6,76.7,76.1
36103135403,Suffolk County,New York,75.4,88.2,71.1,13.7,29.7,22.7,17.0,34.2,6.2,11.5,8.8,13.9,19.8,8.2,28.5,75.4,4.6,2.2,2.3,9.9,5.4,9.5,75.2,70.3
36103145602,Suffolk County,New York,75.3,84.7,64.1,15.1,35.0,33.8,15.5,37.5,4.1,19.3,10.7,15.8,17.9,11.0,27.8,71.5,4.6,2.4,2.6,10.4,5.0,16.4,72.9,56.2
36103145603,Suffolk County,New York,76.7,84.9,63.9,14.6,36.3,34.8,15.4,38.0,3.9,19.8,10.8,15.6,17.5,11.8,27.9,71.6,4.4,2.4,2.7,10.3,4.5,14.5,73.1,56.1
36103145604,Suffolk County,New York,76.1,84.6,62.8,15.2,35.4,34.2,15.9,38.0,3.7,19.4,10.7,15.9,17.9,10.9,26.8,70.0,4.2,2.3,2.5,10.3,4.6,16.2,72.2,55.8
36103145605,Suffolk County,New York,75.7,85.1,66.1,14.4,33.7,33.1,15.5,37.2,4.6,18.8,10.6,15.3,17.6,10.8,28.4,73.0,4.8,2.6,2.8,10.4,5.2,16.5,73.4,57.8
36103145701,Suffolk County,New York,75.2,86.6,70.6,12.7,28.4,23.7,15.3,33.9,6.6,12.2,8.8,13.6,18.9,8.9,29.7,76.9,5.3,2.5,2.6,9.8,5.5,10.9,75.8,68.4
36103145702,Suffolk County,New York,76.4,84.9,63.9,15.2,35.8,34.3,15.4,37.9,4.2,19.7,11.0,15.7,17.9,11.6,28.7,72.3,4.7,2.5,2.7,10.4,5.1,15.9,73.2,56.0
36103145703,Suffolk County,New York,75.5,85.1,66.1,15.0,34.6,33.0,15.7,38.0,4.4,18.2,10.5,15.6,17.8,10.8,28.3,72.4,4.6,2.5,2.6,10.4,5.0,15.0,73.4,57.6
36103145704,Suffolk County,New York,76.3,85.4,67.2,15.1,33.7,30.7,15.5,38.7,4.5,16.7,10.0,15.4,17.9,10.4,28.8,72.9,4.4,2.4,2.5,10.5,5.0,13.9,74.3,59.8
36103145803,Suffolk County,New York,75.9,88.4,74.3,11.7,28.7,21.8,15.6,32.6,7.5,11.1,8.8,12.7,18.9,9.2,31.5,79.3,5.5,2.5,2.7,9.7,5.6,8.1,77.6,73.2
36103145804,Suffolk County,New York,75.6,86.8,70.0,13.0,30.7,27.3,14.9,35.4,6.8,14.3,9.7,13.8,18.0,10.2,31.6,77.7,5.6,2.8,2.9,10.1,5.7,11.8,76.7,66.5
36103145805,Suffolk County,New York,75.9,87.8,70.7,13.2,29.5,22.2,17.2,34.2,6.0,11.1,8.6,14.2,20.2,7.9,27.7,74.8,4.4,2.1,2.3,10.0,5.2,9.2,75.0,70.6
36103145807,Suffolk County,New York,76.0,88.1,72.6,13.3,29.2,22.0,17.3,34.2,6.3,11.0,8.6,14.0,20.0,8.0,28.2,75.4,4.6,2.2,2.3,9.9,5.3,8.9,75.3,71.3
36103145808,Suffolk County,New York,75.5,87.4,71.9,14.2,29.8,23.8,16.6,34.3,6.4,12.3,9.3,14.3,20.1,8.7,29.6,76.5,5.0,2.4,2.5,10.0,5.8,9.9,75.4,69.3
36103145901,Suffolk County,New York,75.6,86.6,68.2,14.5,33.7,28.6,15.8,37.1,5.3,15.3,9.8,14.9,18.4,10.3,29.9,74.6,4.8,2.5,2.6,10.2,5.4,12.2,75.2,63.1
36103145902,Suffolk County,New York,76.3,85.0,63.8,15.6,35.7,33.4,15.6,38.8,4.0,18.6,10.6,16.0,18.0,11.0,28.4,71.7,4.4,2.4,2.6,10.6,5.0,15.4,73.4,56.5
36103145903,Suffolk County,New York,75.0,86.9,67.1,15.1,31.8,26.9,16.0,35.5,6.0,14.6,10.1,15.1,20.1,9.5,29.8,75.5,5.2,2.5,2.6,10.5,6.0,12.9,75.2,65.3
36103146001,Suffolk County,New York,75.9,84.6,63.5,14.4,35.0,34.0,16.5,37.8,3.5,18.9,10.3,15.7,17.6,10.3,25.5,68.7,3.8,2.2,2.5,10.2,4.2,15.2,71.4,56.1
36103146002,Suffolk County,New York,75.9,83.6,63.1,16.0,35.7,35.7,14.8,38.5,4.1,20.9,11.5,16.3,18.3,12.2,28.9,72.1,4.7,2.6,2.8,10.8,5.2,16.5,73.2,54.3
36103146003,Suffolk County,New York,76.4,86.2,68.4,14.4,34.0,30.5,14.4,37.6,5.6,17.0,10.5,14.7,17.8,11.6,32.3,76.9,5.4,2.9,3.0,10.6,5.8,14.3,76.3,61.7
36103146102,Suffolk County,New York,74.6,85.7,66.7,13.5,32.9,30.9,16.2,37.0,4.5,16.7,9.8,14.8,17.5,9.9,26.8,71.8,4.3,2.3,2.6,10.2,4.6,13.9,73.2,60.8
36103146103,Suffolk County,New York,73.7,87.2,70.0,15.0,31.2,26.5,15.8,35.1,6.4,13.9,9.9,14.6,19.8,9.7,30.8,76.9,5.4,2.6,2.7,10.2,6.2,11.7,75.7,66.4
36103146105,Suffolk County,New York,75.1,84.8,65.7,15.1,35.6,35.3,14.8,38.0,4.8,20.1,11.3,15.7,17.8,12.2,30.3,74.3,5.2,2.8,3.0,10.6,5.5,16.2,74.2,56.2
36103146106,Suffolk County,New York,75.4,85.0,65.2,14.0,34.6,35.3,14.0,36.7,5.8,20.4,11.6,15.2,17.6,12.3,31.3,75.9,5.8,3.2,3.3,10.5,6.0,17.7,75.1,57.0
36103146201,Suffolk County,New York,74.3,83.4,62.2,17.7,36.9,38.8,14.7,38.8,4.3,23.3,12.6,17.3,19.1,12.6,29.8,72.1,5.3,2.9,3.0,11.2,6.0,19.6,72.6,50.5
36103146202,Suffolk County,New York,78.6,85.7,69.0,15.6,37.3,33.6,15.0,40.1,4.1,19.7,10.8,16.0,17.4,12.3,31.2,73.7,4.6,2.9,2.9,11.1,5.1,17.9,74.8,55.8
36103146203,Suffolk County,New York,76.0,84.2,62.3,17.6,37.2,35.8,14.9,39.6,4.0,21.4,11.9,17.4,19.3,12.0,29.9,72.0,4.7,2.7,2.8,11.5,5.8,18.2,73.5,53.2
36103146204,Suffolk County,New York,75.8,85.7,66.0,15.0,35.1,33.2,16.0,38.4,4.2,18.5,10.6,15.7,18.0,10.6,27.9,71.5,4.4,2.5,2.6,10.5,4.9,15.5,73.0,57.3
36103146205,Suffolk County,New York,73.8,87.6,69.7,14.7,30.4,24.6,16.5,34.2,6.5,13.1,9.6,14.7,20.5,8.8,29.8,76.2,5.3,2.5,2.6,10.3,6.2,11.8,75.2,68.0
36103146206,Suffolk County,New York,75.9,88.0,69.9,13.4,31.7,24.1,16.9,35.4,5.5,12.5,9.0,14.5,19.4,8.8,28.4,74.4,4.5,2.2,2.4,10.2,5.1,10.3,75.0,67.9
36103146300,Suffolk County,New York,76.7,86.0,69.7,16.5,34.5,32.2,12.3,36.6,8.0,19.2,12.7,15.0,19.7,14.6,39.7,82.4,7.8,4.0,3.9,11.3,8.6,14.9,79.3,61.4
36103146402,Suffolk County,New York,74.9,88.1,70.9,13.0,29.4,22.8,16.8,33.7,6.6,11.7,8.8,13.8,19.6,8.5,29.2,76.6,5.0,2.3,2.5,9.9,5.5,9.9,75.8,70.9
36103146403,Suffolk County,New York,76.5,84.6,64.4,16.6,36.3,34.7,15.1,39.4,4.2,19.8,11.1,16.6,18.3,11.4,29.6,72.3,4.6,2.6,2.7,11.0,5.4,16.8,73.9,55.0
36103146404,Suffolk County,New York,75.8,85.2,66.4,16.6,35.4,32.7,14.7,38.3,5.0,18.8,11.3,16.2,19.1,11.6,31.5,75.0,5.2,2.8,2.8,11.1,6.3,15.8,75.1,57.7
36103146500,Suffolk County,New York,74.3,87.7,70.0,13.6,29.5,22.7,17.3,34.2,6.3,11.3,8.8,14.4,20.3,8.0,28.2,75.4,4.7,2.2,2.4,10.0,5.4,10.0,75.1,70.5
36103146604,Suffolk County,New York,76.1,87.4,71.6,12.9,28.6,22.0,17.2,34.1,6.0,10.9,8.4,13.9,19.6,7.9,27.5,75.0,4.4,2.1,2.3,9.8,5.0,8.8,74.9,70.9
36103146605,Suffolk County,New York,74.7,86.8,68.5,14.3,29.6,23.6,17.4,35.1,5.6,11.9,8.9,14.7,20.2,8.2,27.4,74.2,4.4,2.1,2.2,10.1,5.3,9.8,74.5,69.2
36103146606,Suffolk County,New York,75.1,88.2,72.1,13.4,29.5,23.3,16.1,33.5,7.4,12.0,9.4,13.7,19.8,8.9,31.2,78.2,5.6,2.6,2.7,10.0,6.1,10.1,76.6,70.9
36103146607,Suffolk County,New York,75.6,87.0,69.0,13.9,29.8,24.1,16.0,34.1,6.7,12.5,9.4,14.2,19.9,9.0,30.3,77.1,5.3,2.5,2.6,10.1,6.0,10.8,75.9,68.9
36103146608,Suffolk County,New York,75.9,87.1,70.5,15.5,31.2,25.3,16.0,34.7,6.3,13.6,10.0,15.2,21.3,9.3,30.2,76.1,5.3,2.5,2.6,10.6,6.4,11.4,75.2,66.1
36103146611,Suffolk County,New York,76.3,88.7,73.3,13.0,28.5,21.4,17.4,34.0,6.1,10.4,8.1,13.9,20.0,7.3,26.7,74.2,4.3,2.0,2.2,9.9,4.9,8.7,74.8,71.3
36103146612,Suffolk County,New York,75.8,87.6,71.7,13.7,29.7,22.8,17.0,34.1,6.4,11.4,8.9,14.1,20.2,8.4,29.1,76.3,4.8,2.3,2.4,10.0,5.5,9.3,75.5,70.7
36103146613,Suffolk County,New York,75.2,87.3,70.6,14.3,29.4,23.3,17.1,34.2,6.1,11.7,9.0,14.5,20.5,8.1,28.2,75.5,4.7,2.2,2.3,10.1,5.6,9.9,75.0,69.9
36103146614,Suffolk County,New York,76.6,88.6,73.7,11.4,28.4,20.6,16.2,32.7,7.0,10.3,8.3,12.7,19.1,8.5,29.7,78.0,4.9,2.2,2.5,9.7,5.1,7.4,77.0,74.3
36103146615,Suffolk County,New York,76.0,87.9,72.4,13.1,28.9,22.5,16.7,34.1,6.5,11.4,8.7,13.9,19.9,8.2,28.7,75.9,4.8,2.3,2.5,10.0,5.4,9.5,75.5,70.5
36103146703,Suffolk County,New York,74.8,86.8,69.8,13.9,31.3,27.0,15.9,35.9,5.9,14.1,9.5,14.1,18.2,9.7,30.0,75.9,5.1,2.5,2.7,10.0,5.4,11.7,75.5,65.9
36103146704,Suffolk County,New York,74.3,88.1,69.8,13.6,29.8,23.3,15.9,33.9,7.4,12.2,9.5,14.1,20.3,9.0,31.3,78.0,5.7,2.6,2.8,10.2,6.2,10.5,76.7,70.2
36103146705,Suffolk County,New York,74.3,88.3,72.2,12.4,28.7,22.1,16.1,32.6,7.3,11.2,8.8,13.3,19.6,8.6,30.3,78.0,5.4,2.5,2.6,9.9,5.6,9.3,76.7,72.2
36103146706,Suffolk County,New York,74.2,87.8,69.9,14.0,29.6,23.1,17.2,34.3,6.4,11.7,9.0,14.4,20.2,8.1,28.7,75.6,4.9,2.3,2.5,10.1,5.5,10.3,75.2,70.1
36103146800,Suffolk County,New York,75.4,87.9,70.2,13.4,29.4,22.2,17.0,33.7,6.6,11.3,8.9,14.1,20.4,8.2,29.1,76.3,4.9,2.3,2.5,10.1,5.6,9.6,75.6,71.1
36103146901,Suffolk County,New York,76.4,89.1,71.9,11.2,28.0,19.8,17.0,32.2,7.0,9.8,8.1,12.9,19.4,7.7,28.5,76.8,4.7,2.2,2.4,9.7,4.9,7.8,76.4,74.9
36103146902,Suffolk County,New York,76.5,89.1,72.5,10.3,26.8,21.3,14.6,30.7,9.1,11.1,8.8,11.8,18.3,9.0,33.2,81.2,6.3,2.9,3.1,9.6,5.8,8.5,79.1,75.3
36103147001,Suffolk County,New York,75.5,89.0,72.1,11.9,28.3,20.2,17.4,32.8,6.7,10.1,8.2,13.3,19.7,7.7,28.2,76.1,4.7,2.2,2.4,9.8,5.0,8.3,75.9,73.8
36103147003,Suffolk County,New York,75.8,89.0,74.0,10.6,27.5,21.1,15.3,31.5,8.4,10.8,8.6,11.9,18.3,8.9,32.1,80.1,5.9,2.6,2.9,9.5,5.6,8.2,78.2,74.5
36103147004,Suffolk County,New York,75.9,89.1,75.2,10.9,28.7,19.4,16.7,32.0,7.4,10.3,8.6,12.6,19.3,8.8,31.1,78.9,5.4,2.3,2.6,9.7,5.6,7.0,77.2,74.9
36103147100,Suffolk County,New York,77.5,90.2,73.5,9.8,27.5,18.4,16.2,31.2,7.5,9.4,7.8,11.6,18.4,8.0,29.8,78.2,4.9,2.2,2.5,9.5,4.7,6.8,77.6,76.8
36103147200,Suffolk County,New York,76.6,87.6,69.3,13.6,32.3,26.5,15.0,35.5,6.0,14.6,9.7,14.4,18.8,10.1,31.1,76.4,5.3,2.6,2.8,10.5,5.7,12.1,76.5,65.5
36103147300,Suffolk County,New York,75.5,87.7,71.0,12.9,31.1,26.1,15.4,35.5,6.3,14.0,9.4,13.8,18.0,9.6,30.4,76.2,5.1,2.6,2.8,10.3,5.4,11.8,76.3,66.8
36103147401,Suffolk County,New York,75.9,88.5,71.0,12.0,29.0,22.4,16.4,33.5,6.5,11.4,8.6,13.5,19.2,8.3,28.7,76.3,4.8,2.3,2.5,9.9,5.1,9.5,76.0,71.2
36103147402,Suffolk County,New York,76.2,89.5,73.8,10.5,27.5,19.2,16.3,31.5,7.7,9.8,8.1,12.2,18.9,8.1,30.0,78.5,5.2,2.3,2.6,9.6,5.1,7.4,77.5,76.2
36103147501,Suffolk County,New York,75.2,87.9,70.0,13.3,29.2,23.1,16.5,33.5,6.9,11.8,9.1,13.9,19.9,8.5,29.8,77.0,5.2,2.5,2.6,10.0,5.7,10.4,76.0,70.6
36103147502,Suffolk County,New York,75.8,89.3,71.8,11.0,27.6,19.8,16.9,32.0,7.2,9.9,8.1,12.7,19.2,7.7,28.8,77.3,4.9,2.3,2.5,9.7,4.9,8.0,76.7,75.3
36103147503,Suffolk County,New York,77.4,90.0,73.6,8.6,26.2,17.7,16.0,29.9,7.9,8.8,7.4,11.1,17.8,7.9,29.9,79.4,5.1,2.2,2.5,9.2,4.5,6.1,78.1,78.4
36103147601,Suffolk County,New York,76.3,88.5,74.5,10.3,27.6,19.5,16.5,31.7,7.1,9.7,8.0,13.3,19.7,7.9,28.7,77.8,4.9,2.2,2.4,9.9,5.0,7.3,77.0,75.0
36103147602,Suffolk County,New York,75.7,89.0,75.6,11.0,27.9,21.4,15.1,31.5,8.7,11.0,8.9,12.1,18.7,9.1,32.8,80.6,6.0,2.7,2.9,9.6,5.9,8.2,78.4,74.5
36103147701,Suffolk County,New York,75.3,88.2,71.3,12.7,28.2,23.4,15.8,32.8,7.8,12.0,9.2,13.4,19.6,8.6,30.8,78.5,5.6,2.7,2.8,9.9,5.9,10.4,76.8,71.4
36103147702,Suffolk County,New York,75.1,88.2,70.3,13.2,29.4,23.2,15.7,33.1,7.6,12.2,9.4,13.8,20.1,9.1,31.7,78.7,5.8,2.7,2.8,10.1,6.2,10.4,77.0,70.9
36103147802,Suffolk County,New York,76.5,89.3,72.8,10.6,27.7,20.1,15.6,31.3,7.9,10.4,8.4,12.3,18.9,8.4,30.8,79.1,5.5,2.5,2.7,9.7,5.3,8.0,77.7,75.1
36103147803,Suffolk County,New York,74.0,87.9,72.9,11.6,27.5,24.0,13.9,31.4,9.1,12.6,9.5,12.5,18.7,9.7,33.9,81.6,6.6,3.0,3.2,9.8,6.5,10.3,78.9,72.4
36103147804,Suffolk County,New York,75.8,89.3,72.7,11.9,28.7,21.5,15.8,32.1,7.6,11.1,8.9,13.0,19.6,8.6,30.8,78.4,5.5,2.5,2.7,10.0,5.7,8.8,77.2,73.2
36103147901,Suffolk County,New York,75.1,88.1,73.1,13.1,29.4,23.7,15.2,33.3,7.9,12.5,9.6,13.5,19.8,9.4,32.4,79.3,6.0,2.8,2.9,10.1,6.4,9.9,77.5,70.9
36103147902,Suffolk County,New York,77.3,90.0,74.0,9.9,27.8,18.2,16.4,31.4,7.3,9.1,7.8,12.1,19.0,7.9,29.4,77.9,4.8,2.2,2.4,9.6,4.7,6.5,77.5,77.1
36103158001,Suffolk County,New York,78.3,90.3,75.0,7.8,26.0,17.3,14.9,29.5,8.0,8.7,7.3,10.5,17.2,8.4,30.8,80.4,5.2,2.3,2.6,9.1,4.4,5.3,79.0,79.0
36103158002,Suffolk County,New York,78.1,89.4,75.4,8.0,25.9,17.3,15.2,29.8,7.9,8.6,7.3,10.9,17.5,8.2,30.1,79.8,5.0,2.2,2.5,9.2,4.4,5.5,78.5,78.5
36103158006,Suffolk County,New York,76.2,87.9,75.0,9.5,26.1,20.2,14.8,31.2,7.9,10.0,7.9,11.6,17.5,8.7,30.9,79.9,5.5,2.5,2.7,9.2,5.0,7.3,78.0,75.1
36103158007,Suffolk County,New York,77.0,68.7,77.6,5.5,16.5,15.9,21.6,31.6,1.5,5.9,4.0,19.1,20.5,1.7,9.3,39.3,1.3,0.7,0.8,10.1,1.5,11.8,68.7,73.0
36103158009,Suffolk County,New York,77.7,89.1,72.7,9.4,26.7,18.8,15.6,31.1,7.0,9.3,7.5,11.8,18.1,8.1,28.9,77.9,4.8,2.1,2.4,9.3,4.4,6.7,77.2,75.9
36103158010,Suffolk County,New York,77.4,89.9,74.4,8.7,26.2,17.0,16.6,31.0,6.9,8.2,7.0,11.4,17.9,7.4,27.8,77.3,4.3,2.0,2.2,9.2,4.1,5.4,77.1,78.3
36103158011,Suffolk County,New York,76.4,87.7,73.2,10.9,27.2,20.8,15.6,32.7,6.7,10.2,8.1,12.6,18.6,8.4,28.8,77.4,4.7,2.2,2.4,9.6,4.9,7.6,76.6,73.2
36103158102,Suffolk County,New York,74.5,87.1,70.2,13.6,29.7,24.8,15.9,34.1,6.6,12.8,9.3,14.4,19.9,8.9,29.6,76.8,5.2,2.5,2.6,10.2,5.8,11.1,75.7,68.2
36103158103,Suffolk County,New York,75.0,86.2,66.6,16.3,32.1,26.5,16.6,36.5,5.4,14.3,10.1,16.1,21.1,9.3,29.0,74.0,4.8,2.4,2.5,10.7,6.0,13.0,74.2,63.8
36103158104,Suffolk County,New York,74.4,87.2,68.9,13.2,28.9,22.7,17.7,34.4,5.9,11.2,8.5,14.3,19.7,7.7,27.1,74.4,4.4,2.1,2.3,9.9,5.0,10.1,74.5,70.1
36103158107,Suffolk County,New York,74.7,86.5,72.1,12.3,28.1,23.2,15.2,33.1,7.2,12.0,9.0,13.0,18.7,9.5,31.1,78.7,5.5,2.5,2.7,9.7,5.7,9.3,76.8,70.6
36103158108,Suffolk County,New York,76.6,86.9,71.2,11.2,26.9,21.3,15.5,33.9,5.7,10.1,7.7,12.7,18.0,8.4,27.3,75.9,4.1,2.0,2.2,9.4,4.4,7.4,75.8,72.0
36103158110,Suffolk County,New York,76.1,87.8,72.1,12.4,28.6,21.8,17.3,33.9,5.9,10.7,8.3,13.8,19.5,7.8,27.1,74.7,4.3,2.1,2.2,9.8,4.9,8.7,75.0,71.5
36103158111,Suffolk County,New York,74.9,87.6,71.1,12.9,29.2,22.3,17.5,34.3,6.0,11.1,8.5,14.3,19.9,8.0,27.6,74.9,4.5,2.1,2.3,10.0,5.1,9.2,75.0,70.8
36103158112,Suffolk County,New York,74.9,86.8,70.0,13.9,29.8,24.1,16.9,34.7,5.8,12.4,9.1,14.8,20.2,8.5,28.0,74.7,4.7,2.2,2.4,10.2,5.4,10.8,74.6,67.9
36103158114,Suffolk County,New York,74.5,88.3,74.7,12.6,28.8,22.9,15.6,32.9,7.8,11.8,9.2,13.0,19.3,9.2,31.9,79.2,5.9,2.6,2.8,9.8,6.1,9.1,77.3,71.9
36103158115,Suffolk County,New York,75.0,87.3,72.7,12.4,28.1,24.3,15.0,32.9,8.2,12.6,9.5,13.1,18.9,9.7,32.9,80.1,6.4,2.9,3.0,9.7,6.3,10.3,77.6,70.8
36103158116,Suffolk County,New York,75.1,86.8,71.9,13.0,29.1,24.5,15.3,34.6,7.0,12.5,9.3,13.8,19.2,9.5,31.0,78.3,5.3,2.6,2.7,10.1,5.8,10.1,76.9,69.7
36103158202,Suffolk County,New York,75.3,86.9,71.6,12.7,29.4,23.6,15.9,33.6,6.6,12.3,9.1,14.0,19.6,9.1,29.7,77.0,5.2,2.4,2.6,10.0,5.7,10.1,75.9,69.3
36103158203,Suffolk County,New York,77.0,89.7,74.3,9.9,26.9,19.2,15.8,31.1,7.2,9.4,7.7,11.5,18.0,8.0,29.1,78.3,4.7,2.1,2.4,9.3,4.6,6.8,77.4,76.4
36103158205,Suffolk County,New York,77.0,88.9,72.1,11.9,28.6,20.2,17.0,32.9,6.4,10.3,8.3,13.2,19.7,8.0,28.4,76.1,4.6,2.1,2.3,9.8,5.0,7.8,75.9,73.5
36103158206,Suffolk County,New York,77.0,88.2,74.2,10.7,27.6,20.6,15.7,31.6,7.4,10.9,8.3,12.5,18.8,8.6,30.1,78.4,5.4,2.4,2.6,9.6,5.3,8.2,76.8,73.2
36103158207,Suffolk County,New York,77.2,88.9,76.0,9.3,26.4,19.0,15.0,30.7,8.0,9.5,7.8,11.1,17.6,8.6,31.0,80.1,5.3,2.3,2.6,9.2,4.9,6.4,78.4,76.9
36103158304,Suffolk County,New York,77.3,89.8,73.8,9.9,27.4,18.1,16.9,31.3,6.9,9.0,7.6,12.2,19.0,7.5,28.1,77.0,4.5,2.1,2.3,9.6,4.5,6.6,76.8,76.8
36103158306,Suffolk County,New York,75.7,88.5,73.0,12.1,28.2,21.8,15.9,32.4,7.5,11.4,8.9,13.1,19.6,8.6,30.6,78.4,5.5,2.5,2.7,10.0,5.8,9.3,77.0,73.0
36103158308,Suffolk County,New York,74.0,86.7,68.7,15.1,30.7,26.1,16.2,34.8,6.1,14.1,9.9,15.2,20.6,9.1,29.2,75.2,5.2,2.5,2.6,10.5,6.1,12.9,74.7,65.5
36103158309,Suffolk County,New York,76.2,86.7,69.7,14.6,31.4,25.3,16.1,36.0,5.9,13.2,9.5,14.9,19.9,9.3,30.2,75.9,4.9,2.4,2.5,10.5,5.8,11.2,75.7,66.8
36103158310,Suffolk County,New York,73.5,86.6,72.4,14.3,30.2,29.4,12.5,33.3,10.1,16.3,11.7,13.2,18.8,12.5,39.8,83.7,8.9,4.0,3.9,10.1,8.7,13.4,80.0,66.6
36103158315,Suffolk County,New York,76.3,87.7,72.4,12.9,30.0,23.3,16.2,34.8,6.4,11.8,8.9,13.8,19.3,8.8,29.7,76.7,4.8,2.3,2.5,10.1,5.4,9.2,76.3,70.3
36103158317,Suffolk County,New York,76.1,88.6,70.8,13.1,29.3,20.9,17.8,33.9,5.8,10.5,8.3,14.4,20.7,7.3,26.6,73.5,4.2,2.0,2.2,10.1,5.0,9.1,74.5,71.2
36103158318,Suffolk County,New York,76.1,89.4,72.5,12.4,29.0,20.0,17.8,33.4,6.3,10.1,8.2,13.7,20.3,7.5,27.5,75.0,4.4,2.1,2.3,10.0,5.0,8.1,75.3,73.1
36103158319,Suffolk County,New York,76.3,86.4,71.6,14.0,30.0,26.3,14.7,34.6,7.2,14.0,10.1,14.2,19.5,10.3,32.5,78.9,5.9,2.9,3.0,10.3,6.5,11.9,76.8,67.1
36103158320,Suffolk County,New York,76.6,88.3,70.8,13.3,30.1,21.5,17.7,34.8,5.6,10.8,8.4,14.3,20.3,7.8,27.2,73.8,4.2,2.0,2.2,10.1,4.9,8.5,74.8,70.8
36103158321,Suffolk County,New York,75.9,87.1,71.2,13.8,29.9,23.8,16.6,35.3,5.6,12.0,8.7,14.4,19.5,8.5,28.0,74.5,4.4,2.2,2.3,10.1,5.1,9.8,74.9,68.0
36103158322,Suffolk County,New York,76.8,88.2,77.1,9.8,26.7,20.8,13.3,31.1,8.7,10.5,8.3,10.8,17.1,10.0,33.9,82.2,6.1,2.6,2.9,9.1,5.5,6.6,79.7,75.8
36103158323,Suffolk County,New York,77.0,89.0,72.8,11.9,28.7,19.6,17.7,33.5,6.0,9.7,8.0,13.5,19.9,7.4,26.9,74.5,4.1,1.9,2.2,9.9,4.6,7.3,75.4,74.0
36103158401,Suffolk County,New York,75.0,87.8,68.3,15.0,30.9,23.7,16.9,34.9,6.2,12.5,9.5,15.1,21.2,8.6,29.4,75.2,5.0,2.4,2.5,10.5,5.9,10.9,75.1,68.2
36103158402,Suffolk County,New York,76.3,89.1,73.3,11.8,28.6,20.3,16.4,32.5,7.1,10.5,8.5,12.8,19.5,8.4,30.1,77.8,5.1,2.3,2.5,9.8,5.4,7.8,76.8,73.9
36103158403,Suffolk County,New York,76.2,88.3,70.3,13.4,29.9,22.3,17.0,34.9,5.7,11.2,8.5,14.2,19.9,7.9,27.5,74.1,4.2,2.1,2.2,10.1,5.0,9.3,75.0,70.0
36103158405,Suffolk County,New York,75.9,88.4,69.0,14.2,30.1,22.1,17.5,34.5,5.8,11.5,8.9,14.6,20.9,8.0,27.8,74.3,4.4,2.1,2.2,10.4,5.4,9.6,74.8,70.2
36103158407,Suffolk County,New York,75.4,88.9,70.7,13.1,29.0,20.9,18.1,33.8,5.8,10.4,8.2,14.2,20.4,7.1,26.3,73.2,4.2,2.0,2.1,10.0,4.8,9.2,74.3,71.5
36103158408,Suffolk County,New York,76.2,88.9,69.8,13.6,29.5,21.0,18.8,34.6,5.4,10.4,8.2,14.6,20.7,6.9,25.5,71.7,3.9,1.9,2.1,10.0,4.8,9.5,73.7,71.0
36103158409,Suffolk County,New York,74.3,86.6,71.4,13.7,29.3,27.7,13.4,33.1,9.2,14.9,10.9,13.6,19.2,11.0,36.5,82.2,7.8,3.6,3.5,10.1,7.7,12.9,78.8,67.8
36103158410,Suffolk County,New York,70.5,86.1,77.3,10.3,26.4,34.7,6.8,28.7,16.3,19.6,13.7,9.8,15.5,16.4,52.6,90.5,14.1,6.2,6.0,9.2,11.8,14.3,87.1,68.6
36103158502,Suffolk County,New York,73.6,85.6,70.4,14.7,30.5,29.5,13.2,34.0,9.4,16.2,11.7,14.2,19.7,12.1,38.0,82.6,8.2,3.8,3.8,10.4,8.5,13.5,78.9,65.6
36103158505,Suffolk County,New York,76.1,87.5,72.9,11.6,27.7,20.8,17.0,33.3,6.3,10.1,8.0,13.3,19.1,7.6,27.3,75.5,4.4,2.1,2.3,9.6,4.7,8.1,75.5,72.7
36103158506,Suffolk County,New York,76.6,88.6,70.7,12.4,28.6,20.1,18.2,33.6,5.8,9.8,7.9,13.9,20.2,7.0,26.0,73.6,4.0,1.9,2.1,9.9,4.6,8.2,74.6,73.0
36103158507,Suffolk County,New York,75.0,87.3,69.9,13.6,29.5,23.0,17.2,34.8,6.0,11.7,8.9,14.5,20.0,8.3,28.1,74.7,4.7,2.2,2.4,10.1,5.3,10.2,74.8,69.2
36103158508,Suffolk County,New York,75.6,87.7,71.4,13.0,28.8,22.0,17.3,33.9,6.0,11.0,8.5,14.0,19.7,7.9,27.7,75.2,4.5,2.1,2.3,9.9,5.1,9.0,75.0,71.2
36103158509,Suffolk County,New York,74.4,85.5,67.9,17.2,31.4,27.2,16.8,36.3,5.5,14.3,10.1,16.1,21.3,8.9,28.7,73.9,4.8,2.4,2.4,10.6,6.3,13.5,73.7,63.4
36103158510,Suffolk County,New York,75.1,86.8,68.6,15.1,30.0,23.7,17.8,35.4,5.3,12.4,9.1,15.6,21.2,7.8,26.5,72.4,4.2,2.1,2.2,10.5,5.4,11.3,73.6,67.5
36103158511,Suffolk County,New York,75.2,86.8,70.8,14.3,29.7,23.8,17.2,34.7,6.1,12.0,9.1,14.6,20.2,8.3,28.3,75.2,4.7,2.3,2.4,10.0,5.6,10.2,74.7,68.8
36103158512,Suffolk County,New York,76.1,88.1,71.7,13.0,29.6,21.8,16.9,33.6,6.3,11.3,8.8,14.1,20.4,8.3,28.6,75.8,4.8,2.2,2.4,10.1,5.4,8.9,75.5,71.1
36103158604,Suffolk County,New York,76.0,87.4,70.8,13.3,29.4,22.8,16.7,33.9,6.3,11.7,8.9,14.2,20.1,8.4,28.8,75.9,4.9,2.3,2.4,10.1,5.5,9.9,75.4,69.8
36103158605,Suffolk County,New York,75.9,87.4,71.5,13.4,29.6,22.8,16.5,34.1,6.4,11.8,9.1,14.2,20.2,8.8,29.5,76.7,5.0,2.3,2.5,10.1,5.7,9.3,75.8,70.5
36103158606,Suffolk County,New York,75.3,87.0,69.3,14.2,29.7,24.2,17.3,34.5,6.1,12.5,9.3,14.8,20.2,8.2,28.2,74.8,4.9,2.3,2.5,10.1,5.6,11.3,74.5,68.2
36103158607,Suffolk County,New York,75.0,86.8,68.8,15.9,31.1,25.8,16.9,35.6,6.0,13.4,9.8,15.2,20.8,8.8,29.2,75.0,5.0,2.4,2.5,10.3,6.1,11.9,74.4,66.0
36103158608,Suffolk County,New York,74.0,85.1,67.1,17.3,31.2,28.6,15.8,36.6,6.2,15.1,10.6,16.1,20.9,9.6,30.6,75.7,5.6,2.7,2.7,10.5,6.8,14.7,74.6,62.5
36103158609,Suffolk County,New York,73.7,86.9,69.7,14.9,30.5,24.7,16.8,35.2,6.1,12.4,9.3,14.8,20.4,8.6,29.0,75.4,4.9,2.3,2.4,10.1,5.7,10.9,74.9,67.8
36103158704,Suffolk County,New York,74.9,86.9,72.0,14.6,32.0,27.4,14.9,36.0,6.8,14.9,10.3,14.9,19.6,10.4,32.5,77.7,5.8,2.9,3.0,10.8,6.5,12.6,76.8,65.0
36103158705,Suffolk County,New York,78.1,86.7,67.8,16.8,37.3,31.3,14.5,41.7,4.6,17.9,10.6,16.6,18.0,11.9,33.8,75.2,4.8,3.0,2.8,11.7,5.7,16.6,77.1,58.2
36103158707,Suffolk County,New York,75.3,87.6,69.8,14.8,31.0,23.4,17.5,35.4,6.2,12.1,9.4,14.8,20.6,8.6,29.4,75.3,4.9,2.3,2.4,10.2,5.7,10.1,75.1,69.1
36103158708,Suffolk County,New York,76.8,87.6,69.5,14.3,31.3,23.4,17.2,36.4,5.3,11.9,8.9,15.3,20.6,8.1,27.6,73.1,4.1,2.1,2.2,10.6,5.1,10.0,74.8,67.8
36103158709,Suffolk County,New York,75.9,88.1,72.2,12.6,29.6,22.6,16.1,33.5,7.2,11.6,9.1,13.4,19.5,9.0,30.9,78.2,5.3,2.5,2.6,9.9,5.7,9.1,76.8,71.5
36103158710,Suffolk County,New York,76.7,87.1,67.6,16.0,32.1,24.8,16.9,36.6,5.3,13.2,9.7,16.0,21.2,8.7,28.8,73.8,4.5,2.2,2.3,10.8,5.8,11.6,74.7,66.0
36103158711,Suffolk County,New York,76.4,87.7,71.9,12.9,30.7,24.6,15.3,34.4,6.9,13.0,9.4,13.7,19.0,9.7,31.6,77.9,5.5,2.6,2.8,10.1,5.8,10.4,76.8,68.5
36103158712,Suffolk County,New York,74.7,86.2,68.4,15.4,32.1,27.6,15.9,35.8,6.1,14.8,10.3,15.4,20.1,9.9,30.6,76.0,5.4,2.7,2.7,10.5,6.2,13.3,75.2,64.4
36103158802,Suffolk County,New York,76.1,89.4,73.3,11.0,27.6,19.5,16.9,32.0,7.1,9.8,8.0,12.6,19.2,7.7,28.6,77.1,4.8,2.2,2.4,9.6,5.0,7.9,76.5,75.0
36103158803,Suffolk County,New York,75.2,87.7,71.1,13.1,29.1,23.1,16.5,33.9,6.6,11.6,8.9,13.8,19.6,8.4,28.9,76.3,4.9,2.3,2.5,9.9,5.4,9.9,75.7,70.9
36103158804,Suffolk County,New York,75.2,87.3,69.0,14.4,30.7,24.5,17.4,35.0,5.8,12.5,9.2,14.8,20.2,8.3,27.8,74.2,4.6,2.2,2.4,10.1,5.5,10.9,74.3,67.8
36103158900,Suffolk County,New York,75.5,86.8,68.0,14.7,32.0,27.1,16.4,35.5,5.7,14.5,9.8,15.1,19.8,9.2,28.7,74.2,5.0,2.4,2.6,10.3,5.7,12.9,74.3,64.2
36103159000,Suffolk County,New York,75.8,87.6,67.5,14.7,32.5,25.3,17.0,35.7,5.4,13.3,9.5,15.1,20.3,8.8,28.3,73.6,4.6,2.2,2.4,10.3,5.5,11.4,74.4,65.8
36103159102,Suffolk County,New York,73.5,85.6,70.1,15.1,31.3,30.7,14.1,35.0,8.1,16.6,11.4,14.6,19.3,11.3,35.0,80.2,7.2,3.5,3.4,10.3,7.7,15.1,77.2,63.1
36103159103,Suffolk County,New York,76.5,84.1,63.9,21.9,39.7,37.9,14.1,42.4,4.3,23.1,13.0,19.3,20.6,12.9,33.6,73.4,5.4,3.2,3.0,12.5,7.3,22.7,74.8,49.4
36103159105,Suffolk County,New York,74.9,85.8,69.6,15.5,31.2,27.2,15.9,35.4,6.3,14.6,10.2,15.3,20.4,9.7,30.5,76.4,5.5,2.6,2.7,10.5,6.5,12.9,75.2,64.8
36103159106,Suffolk County,New York,75.8,86.7,67.8,15.2,31.9,25.4,18.0,37.0,4.8,13.2,9.2,15.5,19.6,8.5,27.4,71.5,4.2,2.1,2.2,10.2,5.1,12.0,73.4,64.5
36103159107,Suffolk County,New York,75.2,86.4,68.7,16.3,32.0,26.4,16.4,35.4,6.1,14.2,10.3,15.6,21.1,9.5,30.6,76.3,5.3,2.5,2.6,10.5,6.6,12.3,74.9,65.3
36103159108,Suffolk County,New York,75.5,87.8,71.4,13.5,30.0,23.4,17.1,34.6,6.1,12.1,9.1,14.4,20.1,8.5,28.6,75.5,4.7,2.3,2.4,10.2,5.5,9.9,75.2,69.8
36103159201,Suffolk County,New York,75.2,87.2,68.8,14.5,30.5,25.1,17.2,34.7,6.0,13.3,9.5,14.7,19.9,8.5,28.4,74.4,5.0,2.4,2.5,10.1,5.8,12.2,74.2,66.7
36103159203,Suffolk County,New York,75.8,88.8,73.0,12.5,28.9,21.6,16.6,33.0,7.2,11.1,8.8,13.2,19.6,8.4,30.1,77.6,5.2,2.4,2.6,9.9,5.6,8.9,76.5,72.6
36103159204,Suffolk County,New York,75.5,87.3,70.8,15.0,31.0,27.0,14.4,34.3,7.9,15.2,10.8,13.8,19.3,10.9,35.4,80.4,6.8,3.2,3.2,10.3,7.4,13.1,77.9,67.2
36103159300,Suffolk County,New York,77.0,89.7,75.7,9.4,27.4,20.1,14.2,30.5,9.4,10.5,8.7,11.1,17.8,9.5,34.6,82.1,6.4,2.8,3.1,9.4,5.7,7.1,79.9,76.6
36103159404,Suffolk County,New York,75.1,86.4,67.7,15.5,31.3,25.7,17.6,36.4,4.8,13.3,9.3,15.9,20.6,8.0,26.3,71.3,4.1,2.1,2.2,10.5,5.2,12.2,73.2,64.7
36103159406,Suffolk County,New York,74.5,87.4,70.7,15.0,31.4,26.9,15.8,35.3,7.1,14.2,10.2,14.5,19.7,9.9,32.3,77.8,6.0,2.9,2.9,10.2,6.6,12.7,76.1,66.3
36103159407,Suffolk County,New York,75.3,87.1,68.5,15.2,31.0,24.5,17.8,36.0,5.4,12.5,9.3,15.5,20.8,8.1,27.4,73.3,4.4,2.2,2.3,10.3,5.4,10.9,74.0,67.2
36103159408,Suffolk County,New York,73.3,84.4,64.6,18.9,32.8,29.7,16.6,37.4,4.9,16.7,11.1,18.1,22.5,9.4,28.6,72.2,5.0,2.5,2.4,11.3,6.9,16.9,72.9,58.8
36103159410,Suffolk County,New York,75.9,88.4,69.4,15.4,31.7,24.2,16.3,35.3,6.1,12.9,9.7,15.0,20.9,9.0,30.1,75.5,5.0,2.4,2.5,10.6,6.0,11.0,75.6,67.9
36103159411,Suffolk County,New York,75.0,87.1,67.5,15.7,30.9,24.4,17.9,35.8,5.2,12.3,9.2,15.9,21.4,7.9,26.9,72.9,4.2,2.1,2.2,10.5,5.4,11.3,73.7,67.3
36103159412,Suffolk County,New York,74.4,87.7,71.3,13.8,29.6,24.1,15.9,33.6,7.5,12.5,9.6,13.9,19.9,9.1,31.7,78.4,5.9,2.7,2.8,10.0,6.3,10.9,76.6,69.8
36103159505,Suffolk County,New York,75.1,86.0,66.7,17.2,32.5,27.5,16.3,36.2,5.5,14.9,10.5,16.5,21.7,9.4,29.5,74.4,5.0,2.5,2.5,10.9,6.5,14.0,74.3,63.1
36103159506,Suffolk County,New York,74.5,85.0,65.1,19.0,33.3,29.8,16.3,37.7,5.0,16.5,11.0,17.6,22.0,9.5,29.2,72.8,4.9,2.5,2.5,11.3,6.7,15.7,73.4,59.4
36103159508,Suffolk County,New York,74.3,86.0,65.8,18.5,33.1,28.8,16.5,37.2,5.4,15.7,10.9,17.0,21.8,9.3,29.8,74.0,5.1,2.5,2.5,11.1,6.8,14.9,74.1,61.6
36103159509,Suffolk County,New York,74.8,85.3,65.3,19.3,34.1,30.1,16.1,38.1,5.5,16.6,11.3,17.3,21.7,9.9,30.9,74.3,5.4,2.7,2.6,11.2,7.1,15.9,74.3,59.7
36103159510,Suffolk County,New York,74.7,83.8,64.8,21.0,35.3,30.2,14.7,37.2,6.8,19.1,13.0,15.3,20.5,13.0,38.4,79.3,7.4,3.4,3.1,11.1,9.3,15.6,76.5,60.5
36103159511,Suffolk County,New York,74.6,85.2,65.7,18.1,33.0,29.0,16.9,37.8,4.9,15.8,10.6,17.2,21.4,9.2,28.5,72.4,4.7,2.4,2.4,11.1,6.3,15.1,73.4,60.8
36103159512,Suffolk County,New York,74.3,86.9,68.1,16.3,31.6,25.9,17.2,36.5,5.4,13.7,9.9,16.1,21.4,8.6,28.2,73.7,4.6,2.3,2.3,10.8,5.9,12.3,74.1,65.6
36103159601,Suffolk County,New York,75.1,88.9,73.5,11.9,28.4,21.8,15.7,32.3,8.1,11.3,9.0,12.7,19.2,9.0,32.1,79.5,6.0,2.7,2.8,9.8,6.0,9.0,77.6,73.2
36103159602,Suffolk County,New York,75.9,88.9,72.5,13.0,29.6,21.9,16.5,33.6,7.2,11.4,9.1,13.5,20.0,8.7,30.8,77.8,5.4,2.5,2.6,10.0,5.8,9.2,76.7,72.4
36103169701,Suffolk County,New York,76.7,89.5,73.2,11.7,28.8,20.1,16.5,32.5,7.0,10.4,8.5,12.9,19.6,8.2,29.8,77.4,5.0,2.3,2.5,9.9,5.3,7.9,76.7,74.1
36103169703,Suffolk County,New York,76.5,88.4,73.7,11.8,29.7,22.8,14.1,31.8,8.7,12.3,9.7,12.2,18.9,10.6,35.5,82.0,6.7,2.9,3.1,9.8,6.7,8.7,79.3,72.9
36103169704,Suffolk County,New York,73.2,85.8,72.5,15.1,31.6,31.0,12.5,34.3,9.8,17.4,12.3,13.8,19.1,13.2,40.4,83.7,9.0,4.1,4.0,10.3,9.2,14.5,79.8,64.4
36103169800,Suffolk County,New York,74.2,83.4,62.8,20.6,36.1,35.8,15.3,39.1,5.2,21.6,12.9,17.9,20.7,11.9,32.4,74.2,6.2,3.2,3.0,11.3,8.0,23.0,73.1,51.9
36103169901,Suffolk County,New York,74.0,86.5,72.9,14.9,31.7,30.9,12.3,34.6,9.2,18.0,12.1,13.7,18.6,13.2,39.8,83.2,8.5,4.1,3.9,10.7,8.8,15.1,79.7,64.0
36103169902,Suffolk County,New York,76.0,89.1,74.7,11.3,28.7,22.0,15.2,32.0,8.3,11.4,9.0,12.2,18.5,9.4,33.1,80.6,6.1,2.7,2.9,9.6,5.9,8.7,78.3,73.5
36103170001,Suffolk County,New York,75.9,88.9,73.5,11.6,28.6,22.6,15.0,32.1,8.5,11.7,9.2,12.3,18.5,9.5,33.6,80.8,6.4,2.8,3.0,9.6,6.1,9.3,78.4,73.1
36103170002,Suffolk County,New York,75.6,89.4,75.1,10.3,28.0,21.5,14.2,30.9,9.4,11.3,9.0,11.2,17.6,9.8,35.2,82.1,6.7,2.9,3.2,9.3,6.1,8.1,79.7,75.2
36103170101,Suffolk County,New York,75.4,85.2,68.1,14.7,32.6,31.2,14.2,35.1,7.2,17.9,11.5,14.7,18.7,11.6,34.2,79.0,7.0,3.4,3.4,10.4,7.5,16.2,76.4,60.9
36103170201,Suffolk County,New York,74.8,88.3,73.7,11.9,29.4,25.0,13.0,31.6,9.9,13.7,10.4,12.2,18.5,11.4,37.9,83.4,8.0,3.5,3.6,9.8,7.4,10.4,80.1,71.2
36103170202,Suffolk County,New York,74.6,88.2,74.9,10.8,27.4,26.1,12.0,30.5,11.2,14.3,10.5,11.3,17.1,11.6,39.6,84.8,8.8,3.9,4.0,9.5,7.7,11.0,81.3,71.6
36103180300,Suffolk County,New York,76.8,89.8,76.4,9.5,27.2,20.9,13.5,30.0,10.2,10.9,8.9,10.6,17.2,10.0,36.2,83.2,7.1,3.0,3.3,9.2,6.0,7.3,80.6,76.4
36103190401,Suffolk County,New York,74.5,85.5,67.5,17.2,33.8,30.5,16.9,38.1,5.0,17.2,10.6,16.2,19.1,9.7,29.7,72.3,5.1,2.7,2.6,10.6,6.2,17.2,73.1,57.9
36103190402,Suffolk County,New York,75.3,87.7,71.3,13.0,29.4,25.1,15.4,33.4,7.7,13.3,9.7,13.5,18.9,9.5,32.2,79.0,6.1,2.9,3.0,9.9,6.3,11.7,76.9,69.1
36103190403,Suffolk County,New York,74.6,87.2,71.0,13.1,29.9,26.0,15.8,33.2,7.0,14.0,9.7,13.7,18.9,9.3,30.4,77.3,5.9,2.7,2.8,9.9,6.2,12.3,75.5,67.0
36103190502,Suffolk County,New York,76.8,88.8,72.8,10.9,29.4,22.6,15.7,32.5,7.4,11.7,8.7,12.3,17.6,9.2,31.4,78.8,5.7,2.6,2.8,9.4,5.4,9.3,77.0,71.5
36103190503,Suffolk County,New York,76.7,88.9,72.9,11.4,29.0,21.1,15.7,32.2,7.5,10.8,8.7,12.6,19.0,8.8,31.3,79.0,5.5,2.5,2.6,9.7,5.5,8.3,77.6,73.8
36103190504,Suffolk County,New York,77.2,89.6,73.9,9.9,27.9,19.5,15.5,31.0,8.0,10.0,8.2,11.8,18.5,8.7,31.5,79.9,5.5,2.4,2.7,9.5,5.2,7.0,78.2,75.9
36103190601,Suffolk County,New York,75.5,88.1,72.5,12.7,29.7,23.9,14.6,32.7,8.3,12.8,9.8,13.0,19.3,10.0,34.0,80.6,6.5,2.9,3.0,10.0,6.6,10.1,78.2,71.1
36103190603,Suffolk County,New York,74.3,86.4,69.2,15.3,32.3,28.1,15.8,34.9,6.5,15.2,10.5,14.8,19.7,10.0,31.2,76.8,5.9,2.7,2.8,10.1,6.7,13.7,75.0,63.8
36103190604,Suffolk County,New York,75.2,88.0,71.8,12.6,30.3,24.4,16.1,33.5,6.9,12.6,9.3,13.5,19.0,9.1,30.2,77.2,5.5,2.5,2.7,9.7,5.7,10.7,75.9,69.0
36103190704,Suffolk County,New York,76.4,88.5,72.9,11.5,29.6,24.1,13.6,32.3,8.5,13.0,9.6,11.9,17.6,10.7,35.7,82.0,6.8,3.1,3.2,9.7,6.4,10.0,79.3,71.5
36103190705,Suffolk County,New York,76.7,88.7,72.3,10.5,28.4,21.3,16.5,32.2,6.5,11.4,8.3,13.0,18.0,8.5,28.2,76.1,5.1,2.4,2.6,9.8,4.8,9.3,75.9,72.0
36103190706,Suffolk County,New York,76.6,88.3,72.7,11.1,29.7,22.5,15.6,32.6,7.1,11.7,8.8,12.8,18.4,9.2,31.0,78.4,5.5,2.5,2.7,9.6,5.4,8.9,76.9,71.5
36103190707,Suffolk County,New York,77.1,90.0,75.4,9.7,27.8,19.8,14.9,30.7,8.5,10.2,8.3,11.2,17.9,9.0,32.6,80.6,5.9,2.6,2.8,9.3,5.3,7.1,78.7,75.8
36103190708,Suffolk County,New York,77.2,90.0,75.0,9.0,27.4,20.3,13.7,29.9,9.3,10.5,8.5,10.7,17.4,9.6,34.4,82.3,6.5,2.8,3.1,9.3,5.5,7.2,79.9,76.1
36103190800,Suffolk County,New York,77.0,89.2,75.5,9.1,27.9,22.5,13.2,30.7,9.4,11.8,8.7,10.6,16.1,10.4,35.9,83.0,6.9,3.1,3.3,9.1,5.7,8.4,80.3,74.2
36103200901,Suffolk County,New York,76.2,89.4,77.1,8.2,26.8,22.2,11.7,28.6,11.1,11.8,9.1,10.1,16.5,11.2,38.7,85.2,8.2,3.4,3.8,9.1,6.2,7.5,82.0,75.7
36103200902,Suffolk County,New York,76.8,88.5,72.5,11.1,29.9,23.6,14.1,32.0,8.0,12.8,9.5,12.3,18.2,10.4,33.9,80.9,6.3,2.9,3.1,9.8,6.1,9.5,78.5,71.4
36103201001,Suffolk County,New York,76.2,87.4,69.2,13.2,32.0,26.1,15.4,33.7,6.2,14.4,9.8,13.7,18.8,10.0,30.4,76.5,5.6,2.5,2.7,9.9,5.9,11.9,75.3,65.6
36103201003,Suffolk County,New York,75.2,88.2,72.6,11.5,30.2,25.3,15.2,33.3,7.3,13.3,9.2,12.3,17.0,9.9,31.8,78.8,5.9,2.7,2.9,9.4,5.6,10.7,76.8,69.0
36103201004,Suffolk County,New York,75.4,88.7,73.3,11.4,29.3,23.2,14.8,32.1,8.2,12.3,9.3,12.1,18.0,10.0,33.6,80.5,6.4,2.8,3.0,9.5,6.1,9.2,78.3,72.4
36103201100,Suffolk County,New York,75.0,84.7,64.2,15.6,34.8,33.0,15.7,37.5,4.7,18.7,10.9,15.4,18.0,11.2,29.5,73.3,5.0,2.6,2.7,10.3,5.6,16.1,73.5,57.6
